はずがな〜けれ,15822,19211,5940,形容詞,非自立可能,*,*,形容詞,仮定形-一般,ハズガナイ,筈が無い,はずがな〜けれ
筈がな〜けれ,15822,19211,5940,形容詞,非自立可能,*,*,形容詞,仮定形-一般,ハズガナイ,筈が無い,はずがな〜けれ
はずもな〜けれ,15822,19211,5940,形容詞,非自立可能,*,*,形容詞,仮定形-一般,ハズモナイ,筈も無い,はずもな〜けれ
筈もな〜けれ,15822,19211,5940,形容詞,非自立可能,*,*,形容詞,仮定形-一般,ハズモナイ,筈も無い,はずもな〜けれ
はずはな〜けれ,15822,19211,5940,形容詞,非自立可能,*,*,形容詞,仮定形-一般,ハズハナイ,筈は無い,はずはな〜けれ
筈はな〜けれ,15822,19211,5940,形容詞,非自立可能,*,*,形容詞,仮定形-一般,ハズハナイ,筈は無い,はずはな〜けれ
はずのな〜けれ,15822,19211,5940,形容詞,非自立可能,*,*,形容詞,仮定形-一般,ハズノナイ,筈の無い,はずのな〜けれ
筈のな〜けれ,15822,19211,5940,形容詞,非自立可能,*,*,形容詞,仮定形-一般,ハズノナイ,筈の無い,はずのな〜けれ
はずがなぁけれ,15822,19212,6018,形容詞,非自立可能,*,*,形容詞,仮定形-一般,ハズガナイ,筈が無い,はずがなぁけれ
筈がなぁけれ,15822,19212,6018,形容詞,非自立可能,*,*,形容詞,仮定形-一般,ハズガナイ,筈が無い,はずがなぁけれ
はずもなぁけれ,15822,19212,6018,形容詞,非自立可能,*,*,形容詞,仮定形-一般,ハズモナイ,筈も無い,はずもなぁけれ
筈もなぁけれ,15822,19212,6018,形容詞,非自立可能,*,*,形容詞,仮定形-一般,ハズモナイ,筈も無い,はずもなぁけれ
はずはなぁけれ,15822,19212,6018,形容詞,非自立可能,*,*,形容詞,仮定形-一般,ハズハナイ,筈は無い,はずはなぁけれ
筈はなぁけれ,15822,19212,6018,形容詞,非自立可能,*,*,形容詞,仮定形-一般,ハズハナイ,筈は無い,はずはなぁけれ
はずのなぁけれ,15822,19212,6018,形容詞,非自立可能,*,*,形容詞,仮定形-一般,ハズノナイ,筈の無い,はずのなぁけれ
筈のなぁけれ,15822,19212,6018,形容詞,非自立可能,*,*,形容詞,仮定形-一般,ハズノナイ,筈の無い,はずのなぁけれ
はずがなあけれ,15822,19213,6047,形容詞,非自立可能,*,*,形容詞,仮定形-一般,ハズガナイ,筈が無い,はずがなあけれ
筈がなあけれ,15822,19213,6047,形容詞,非自立可能,*,*,形容詞,仮定形-一般,ハズガナイ,筈が無い,はずがなあけれ
はずもなあけれ,15822,19213,6047,形容詞,非自立可能,*,*,形容詞,仮定形-一般,ハズモナイ,筈も無い,はずもなあけれ
筈もなあけれ,15822,19213,6047,形容詞,非自立可能,*,*,形容詞,仮定形-一般,ハズモナイ,筈も無い,はずもなあけれ
はずはなあけれ,15822,19213,6047,形容詞,非自立可能,*,*,形容詞,仮定形-一般,ハズハナイ,筈は無い,はずはなあけれ
筈はなあけれ,15822,19213,6047,形容詞,非自立可能,*,*,形容詞,仮定形-一般,ハズハナイ,筈は無い,はずはなあけれ
はずのなあけれ,15822,19213,6047,形容詞,非自立可能,*,*,形容詞,仮定形-一般,ハズノナイ,筈の無い,はずのなあけれ
筈のなあけれ,15822,19213,6047,形容詞,非自立可能,*,*,形容詞,仮定形-一般,ハズノナイ,筈の無い,はずのなあけれ
はずがなけれ,15822,19214,3772,形容詞,非自立可能,*,*,形容詞,仮定形-一般,ハズガナイ,筈が無い,はずがなけれ
筈がなけれ,15822,19214,3772,形容詞,非自立可能,*,*,形容詞,仮定形-一般,ハズガナイ,筈が無い,はずがなけれ
はずもなけれ,15822,19214,3772,形容詞,非自立可能,*,*,形容詞,仮定形-一般,ハズモナイ,筈も無い,はずもなけれ
筈もなけれ,15822,19214,3772,形容詞,非自立可能,*,*,形容詞,仮定形-一般,ハズモナイ,筈も無い,はずもなけれ
はずはなけれ,15822,19214,3772,形容詞,非自立可能,*,*,形容詞,仮定形-一般,ハズハナイ,筈は無い,はずはなけれ
筈はなけれ,15822,19214,3772,形容詞,非自立可能,*,*,形容詞,仮定形-一般,ハズハナイ,筈は無い,はずはなけれ
はずのなけれ,15822,19214,3772,形容詞,非自立可能,*,*,形容詞,仮定形-一般,ハズノナイ,筈の無い,はずのなけれ
筈のなけれ,15822,19214,3772,形容詞,非自立可能,*,*,形容詞,仮定形-一般,ハズノナイ,筈の無い,はずのなけれ
はずがなーけれ,15822,19215,5982,形容詞,非自立可能,*,*,形容詞,仮定形-一般,ハズガナイ,筈が無い,はずがなーけれ
筈がなーけれ,15822,19215,5982,形容詞,非自立可能,*,*,形容詞,仮定形-一般,ハズガナイ,筈が無い,はずがなーけれ
はずもなーけれ,15822,19215,5982,形容詞,非自立可能,*,*,形容詞,仮定形-一般,ハズモナイ,筈も無い,はずもなーけれ
筈もなーけれ,15822,19215,5982,形容詞,非自立可能,*,*,形容詞,仮定形-一般,ハズモナイ,筈も無い,はずもなーけれ
はずはなーけれ,15822,19215,5982,形容詞,非自立可能,*,*,形容詞,仮定形-一般,ハズハナイ,筈は無い,はずはなーけれ
筈はなーけれ,15822,19215,5982,形容詞,非自立可能,*,*,形容詞,仮定形-一般,ハズハナイ,筈は無い,はずはなーけれ
はずのなーけれ,15822,19215,5982,形容詞,非自立可能,*,*,形容詞,仮定形-一般,ハズノナイ,筈の無い,はずのなーけれ
筈のなーけれ,15822,19215,5982,形容詞,非自立可能,*,*,形容詞,仮定形-一般,ハズノナイ,筈の無い,はずのなーけれ
はずが無けれ,15822,19228,5520,形容詞,非自立可能,*,*,形容詞,仮定形-一般,ハズガナイ,筈が無い,はずが無けれ
筈が無けれ,15822,19228,5520,形容詞,非自立可能,*,*,形容詞,仮定形-一般,ハズガナイ,筈が無い,はずが無けれ
はずも無けれ,15822,19228,5520,形容詞,非自立可能,*,*,形容詞,仮定形-一般,ハズモナイ,筈も無い,はずも無けれ
筈も無けれ,15822,19228,5520,形容詞,非自立可能,*,*,形容詞,仮定形-一般,ハズモナイ,筈も無い,はずも無けれ
はずは無けれ,15822,19228,5520,形容詞,非自立可能,*,*,形容詞,仮定形-一般,ハズハナイ,筈は無い,はずは無けれ
筈は無けれ,15822,19228,5520,形容詞,非自立可能,*,*,形容詞,仮定形-一般,ハズハナイ,筈は無い,はずは無けれ
はずの無けれ,15822,19228,5520,形容詞,非自立可能,*,*,形容詞,仮定形-一般,ハズノナイ,筈の無い,はずの無けれ
筈の無けれ,15822,19228,5520,形容詞,非自立可能,*,*,形容詞,仮定形-一般,ハズノナイ,筈の無い,はずの無けれ
はずがな〜きゃ,15822,19231,4663,形容詞,非自立可能,*,*,形容詞,仮定形-融合,ハズガナイ,筈が無い,はずがな〜きゃ
筈がな〜きゃ,15822,19231,4663,形容詞,非自立可能,*,*,形容詞,仮定形-融合,ハズガナイ,筈が無い,はずがな〜きゃ
はずもな〜きゃ,15822,19231,4663,形容詞,非自立可能,*,*,形容詞,仮定形-融合,ハズモナイ,筈も無い,はずもな〜きゃ
筈もな〜きゃ,15822,19231,4663,形容詞,非自立可能,*,*,形容詞,仮定形-融合,ハズモナイ,筈も無い,はずもな〜きゃ
はずはな〜きゃ,15822,19231,4663,形容詞,非自立可能,*,*,形容詞,仮定形-融合,ハズハナイ,筈は無い,はずはな〜きゃ
筈はな〜きゃ,15822,19231,4663,形容詞,非自立可能,*,*,形容詞,仮定形-融合,ハズハナイ,筈は無い,はずはな〜きゃ
はずのな〜きゃ,15822,19231,4663,形容詞,非自立可能,*,*,形容詞,仮定形-融合,ハズノナイ,筈の無い,はずのな〜きゃ
筈のな〜きゃ,15822,19231,4663,形容詞,非自立可能,*,*,形容詞,仮定形-融合,ハズノナイ,筈の無い,はずのな〜きゃ
はずがな〜けりゃ,15822,19232,4927,形容詞,非自立可能,*,*,形容詞,仮定形-融合,ハズガナイ,筈が無い,はずがな〜けりゃ
筈がな〜けりゃ,15822,19232,4927,形容詞,非自立可能,*,*,形容詞,仮定形-融合,ハズガナイ,筈が無い,はずがな〜けりゃ
はずもな〜けりゃ,15822,19232,4927,形容詞,非自立可能,*,*,形容詞,仮定形-融合,ハズモナイ,筈も無い,はずもな〜けりゃ
筈もな〜けりゃ,15822,19232,4927,形容詞,非自立可能,*,*,形容詞,仮定形-融合,ハズモナイ,筈も無い,はずもな〜けりゃ
はずはな〜けりゃ,15822,19232,4927,形容詞,非自立可能,*,*,形容詞,仮定形-融合,ハズハナイ,筈は無い,はずはな〜けりゃ
筈はな〜けりゃ,15822,19232,4927,形容詞,非自立可能,*,*,形容詞,仮定形-融合,ハズハナイ,筈は無い,はずはな〜けりゃ
はずのな〜けりゃ,15822,19232,4927,形容詞,非自立可能,*,*,形容詞,仮定形-融合,ハズノナイ,筈の無い,はずのな〜けりゃ
筈のな〜けりゃ,15822,19232,4927,形容詞,非自立可能,*,*,形容詞,仮定形-融合,ハズノナイ,筈の無い,はずのな〜けりゃ
はずがなぁきゃ,15822,19233,4741,形容詞,非自立可能,*,*,形容詞,仮定形-融合,ハズガナイ,筈が無い,はずがなぁきゃ
筈がなぁきゃ,15822,19233,4741,形容詞,非自立可能,*,*,形容詞,仮定形-融合,ハズガナイ,筈が無い,はずがなぁきゃ
はずもなぁきゃ,15822,19233,4741,形容詞,非自立可能,*,*,形容詞,仮定形-融合,ハズモナイ,筈も無い,はずもなぁきゃ
筈もなぁきゃ,15822,19233,4741,形容詞,非自立可能,*,*,形容詞,仮定形-融合,ハズモナイ,筈も無い,はずもなぁきゃ
はずはなぁきゃ,15822,19233,4741,形容詞,非自立可能,*,*,形容詞,仮定形-融合,ハズハナイ,筈は無い,はずはなぁきゃ
筈はなぁきゃ,15822,19233,4741,形容詞,非自立可能,*,*,形容詞,仮定形-融合,ハズハナイ,筈は無い,はずはなぁきゃ
はずのなぁきゃ,15822,19233,4741,形容詞,非自立可能,*,*,形容詞,仮定形-融合,ハズノナイ,筈の無い,はずのなぁきゃ
筈のなぁきゃ,15822,19233,4741,形容詞,非自立可能,*,*,形容詞,仮定形-融合,ハズノナイ,筈の無い,はずのなぁきゃ
はずがなぁけりゃ,15822,19234,5005,形容詞,非自立可能,*,*,形容詞,仮定形-融合,ハズガナイ,筈が無い,はずがなぁけりゃ
筈がなぁけりゃ,15822,19234,5005,形容詞,非自立可能,*,*,形容詞,仮定形-融合,ハズガナイ,筈が無い,はずがなぁけりゃ
はずもなぁけりゃ,15822,19234,5005,形容詞,非自立可能,*,*,形容詞,仮定形-融合,ハズモナイ,筈も無い,はずもなぁけりゃ
筈もなぁけりゃ,15822,19234,5005,形容詞,非自立可能,*,*,形容詞,仮定形-融合,ハズモナイ,筈も無い,はずもなぁけりゃ
はずはなぁけりゃ,15822,19234,5005,形容詞,非自立可能,*,*,形容詞,仮定形-融合,ハズハナイ,筈は無い,はずはなぁけりゃ
筈はなぁけりゃ,15822,19234,5005,形容詞,非自立可能,*,*,形容詞,仮定形-融合,ハズハナイ,筈は無い,はずはなぁけりゃ
はずのなぁけりゃ,15822,19234,5005,形容詞,非自立可能,*,*,形容詞,仮定形-融合,ハズノナイ,筈の無い,はずのなぁけりゃ
筈のなぁけりゃ,15822,19234,5005,形容詞,非自立可能,*,*,形容詞,仮定形-融合,ハズノナイ,筈の無い,はずのなぁけりゃ
はずがなあきゃ,15822,19235,4770,形容詞,非自立可能,*,*,形容詞,仮定形-融合,ハズガナイ,筈が無い,はずがなあきゃ
筈がなあきゃ,15822,19235,4770,形容詞,非自立可能,*,*,形容詞,仮定形-融合,ハズガナイ,筈が無い,はずがなあきゃ
はずもなあきゃ,15822,19235,4770,形容詞,非自立可能,*,*,形容詞,仮定形-融合,ハズモナイ,筈も無い,はずもなあきゃ
筈もなあきゃ,15822,19235,4770,形容詞,非自立可能,*,*,形容詞,仮定形-融合,ハズモナイ,筈も無い,はずもなあきゃ
はずはなあきゃ,15822,19235,4770,形容詞,非自立可能,*,*,形容詞,仮定形-融合,ハズハナイ,筈は無い,はずはなあきゃ
筈はなあきゃ,15822,19235,4770,形容詞,非自立可能,*,*,形容詞,仮定形-融合,ハズハナイ,筈は無い,はずはなあきゃ
はずのなあきゃ,15822,19235,4770,形容詞,非自立可能,*,*,形容詞,仮定形-融合,ハズノナイ,筈の無い,はずのなあきゃ
筈のなあきゃ,15822,19235,4770,形容詞,非自立可能,*,*,形容詞,仮定形-融合,ハズノナイ,筈の無い,はずのなあきゃ
はずがなあけりゃ,15822,19236,5034,形容詞,非自立可能,*,*,形容詞,仮定形-融合,ハズガナイ,筈が無い,はずがなあけりゃ
筈がなあけりゃ,15822,19236,5034,形容詞,非自立可能,*,*,形容詞,仮定形-融合,ハズガナイ,筈が無い,はずがなあけりゃ
はずもなあけりゃ,15822,19236,5034,形容詞,非自立可能,*,*,形容詞,仮定形-融合,ハズモナイ,筈も無い,はずもなあけりゃ
筈もなあけりゃ,15822,19236,5034,形容詞,非自立可能,*,*,形容詞,仮定形-融合,ハズモナイ,筈も無い,はずもなあけりゃ
はずはなあけりゃ,15822,19236,5034,形容詞,非自立可能,*,*,形容詞,仮定形-融合,ハズハナイ,筈は無い,はずはなあけりゃ
筈はなあけりゃ,15822,19236,5034,形容詞,非自立可能,*,*,形容詞,仮定形-融合,ハズハナイ,筈は無い,はずはなあけりゃ
はずのなあけりゃ,15822,19236,5034,形容詞,非自立可能,*,*,形容詞,仮定形-融合,ハズノナイ,筈の無い,はずのなあけりゃ
筈のなあけりゃ,15822,19236,5034,形容詞,非自立可能,*,*,形容詞,仮定形-融合,ハズノナイ,筈の無い,はずのなあけりゃ
はずがなきゃ,15822,19237,1029,形容詞,非自立可能,*,*,形容詞,仮定形-融合,ハズガナイ,筈が無い,はずがなきゃ
筈がなきゃ,15822,19237,1029,形容詞,非自立可能,*,*,形容詞,仮定形-融合,ハズガナイ,筈が無い,はずがなきゃ
はずもなきゃ,15822,19237,1029,形容詞,非自立可能,*,*,形容詞,仮定形-融合,ハズモナイ,筈も無い,はずもなきゃ
筈もなきゃ,15822,19237,1029,形容詞,非自立可能,*,*,形容詞,仮定形-融合,ハズモナイ,筈も無い,はずもなきゃ
はずはなきゃ,15822,19237,1029,形容詞,非自立可能,*,*,形容詞,仮定形-融合,ハズハナイ,筈は無い,はずはなきゃ
筈はなきゃ,15822,19237,1029,形容詞,非自立可能,*,*,形容詞,仮定形-融合,ハズハナイ,筈は無い,はずはなきゃ
はずのなきゃ,15822,19237,1029,形容詞,非自立可能,*,*,形容詞,仮定形-融合,ハズノナイ,筈の無い,はずのなきゃ
筈のなきゃ,15822,19237,1029,形容詞,非自立可能,*,*,形容詞,仮定形-融合,ハズノナイ,筈の無い,はずのなきゃ
はずがなけりゃ,15822,19238,3413,形容詞,非自立可能,*,*,形容詞,仮定形-融合,ハズガナイ,筈が無い,はずがなけりゃ
筈がなけりゃ,15822,19238,3413,形容詞,非自立可能,*,*,形容詞,仮定形-融合,ハズガナイ,筈が無い,はずがなけりゃ
はずもなけりゃ,15822,19238,3413,形容詞,非自立可能,*,*,形容詞,仮定形-融合,ハズモナイ,筈も無い,はずもなけりゃ
筈もなけりゃ,15822,19238,3413,形容詞,非自立可能,*,*,形容詞,仮定形-融合,ハズモナイ,筈も無い,はずもなけりゃ
はずはなけりゃ,15822,19238,3413,形容詞,非自立可能,*,*,形容詞,仮定形-融合,ハズハナイ,筈は無い,はずはなけりゃ
筈はなけりゃ,15822,19238,3413,形容詞,非自立可能,*,*,形容詞,仮定形-融合,ハズハナイ,筈は無い,はずはなけりゃ
はずのなけりゃ,15822,19238,3413,形容詞,非自立可能,*,*,形容詞,仮定形-融合,ハズノナイ,筈の無い,はずのなけりゃ
筈のなけりゃ,15822,19238,3413,形容詞,非自立可能,*,*,形容詞,仮定形-融合,ハズノナイ,筈の無い,はずのなけりゃ
はずがなけりゃあ,15822,19239,3413,形容詞,非自立可能,*,*,形容詞,仮定形-融合,ハズガナイ,筈が無い,はずがなけりゃあ
筈がなけりゃあ,15822,19239,3413,形容詞,非自立可能,*,*,形容詞,仮定形-融合,ハズガナイ,筈が無い,はずがなけりゃあ
はずもなけりゃあ,15822,19239,3413,形容詞,非自立可能,*,*,形容詞,仮定形-融合,ハズモナイ,筈も無い,はずもなけりゃあ
筈もなけりゃあ,15822,19239,3413,形容詞,非自立可能,*,*,形容詞,仮定形-融合,ハズモナイ,筈も無い,はずもなけりゃあ
はずはなけりゃあ,15822,19239,3413,形容詞,非自立可能,*,*,形容詞,仮定形-融合,ハズハナイ,筈は無い,はずはなけりゃあ
筈はなけりゃあ,15822,19239,3413,形容詞,非自立可能,*,*,形容詞,仮定形-融合,ハズハナイ,筈は無い,はずはなけりゃあ
はずのなけりゃあ,15822,19239,3413,形容詞,非自立可能,*,*,形容詞,仮定形-融合,ハズノナイ,筈の無い,はずのなけりゃあ
筈のなけりゃあ,15822,19239,3413,形容詞,非自立可能,*,*,形容詞,仮定形-融合,ハズノナイ,筈の無い,はずのなけりゃあ
はずがなーきゃ,15822,19240,4705,形容詞,非自立可能,*,*,形容詞,仮定形-融合,ハズガナイ,筈が無い,はずがなーきゃ
筈がなーきゃ,15822,19240,4705,形容詞,非自立可能,*,*,形容詞,仮定形-融合,ハズガナイ,筈が無い,はずがなーきゃ
はずもなーきゃ,15822,19240,4705,形容詞,非自立可能,*,*,形容詞,仮定形-融合,ハズモナイ,筈も無い,はずもなーきゃ
筈もなーきゃ,15822,19240,4705,形容詞,非自立可能,*,*,形容詞,仮定形-融合,ハズモナイ,筈も無い,はずもなーきゃ
はずはなーきゃ,15822,19240,4705,形容詞,非自立可能,*,*,形容詞,仮定形-融合,ハズハナイ,筈は無い,はずはなーきゃ
筈はなーきゃ,15822,19240,4705,形容詞,非自立可能,*,*,形容詞,仮定形-融合,ハズハナイ,筈は無い,はずはなーきゃ
はずのなーきゃ,15822,19240,4705,形容詞,非自立可能,*,*,形容詞,仮定形-融合,ハズノナイ,筈の無い,はずのなーきゃ
筈のなーきゃ,15822,19240,4705,形容詞,非自立可能,*,*,形容詞,仮定形-融合,ハズノナイ,筈の無い,はずのなーきゃ
はずがなーけりゃ,15822,19241,4969,形容詞,非自立可能,*,*,形容詞,仮定形-融合,ハズガナイ,筈が無い,はずがなーけりゃ
筈がなーけりゃ,15822,19241,4969,形容詞,非自立可能,*,*,形容詞,仮定形-融合,ハズガナイ,筈が無い,はずがなーけりゃ
はずもなーけりゃ,15822,19241,4969,形容詞,非自立可能,*,*,形容詞,仮定形-融合,ハズモナイ,筈も無い,はずもなーけりゃ
筈もなーけりゃ,15822,19241,4969,形容詞,非自立可能,*,*,形容詞,仮定形-融合,ハズモナイ,筈も無い,はずもなーけりゃ
はずはなーけりゃ,15822,19241,4969,形容詞,非自立可能,*,*,形容詞,仮定形-融合,ハズハナイ,筈は無い,はずはなーけりゃ
筈はなーけりゃ,15822,19241,4969,形容詞,非自立可能,*,*,形容詞,仮定形-融合,ハズハナイ,筈は無い,はずはなーけりゃ
はずのなーけりゃ,15822,19241,4969,形容詞,非自立可能,*,*,形容詞,仮定形-融合,ハズノナイ,筈の無い,はずのなーけりゃ
筈のなーけりゃ,15822,19241,4969,形容詞,非自立可能,*,*,形容詞,仮定形-融合,ハズノナイ,筈の無い,はずのなーけりゃ
はずが無きゃ,15822,19266,3356,形容詞,非自立可能,*,*,形容詞,仮定形-融合,ハズガナイ,筈が無い,はずが無きゃ
筈が無きゃ,15822,19266,3356,形容詞,非自立可能,*,*,形容詞,仮定形-融合,ハズガナイ,筈が無い,はずが無きゃ
はずも無きゃ,15822,19266,3356,形容詞,非自立可能,*,*,形容詞,仮定形-融合,ハズモナイ,筈も無い,はずも無きゃ
筈も無きゃ,15822,19266,3356,形容詞,非自立可能,*,*,形容詞,仮定形-融合,ハズモナイ,筈も無い,はずも無きゃ
はずは無きゃ,15822,19266,3356,形容詞,非自立可能,*,*,形容詞,仮定形-融合,ハズハナイ,筈は無い,はずは無きゃ
筈は無きゃ,15822,19266,3356,形容詞,非自立可能,*,*,形容詞,仮定形-融合,ハズハナイ,筈は無い,はずは無きゃ
はずの無きゃ,15822,19266,3356,形容詞,非自立可能,*,*,形容詞,仮定形-融合,ハズノナイ,筈の無い,はずの無きゃ
筈の無きゃ,15822,19266,3356,形容詞,非自立可能,*,*,形容詞,仮定形-融合,ハズノナイ,筈の無い,はずの無きゃ
はずが無けりゃ,15822,19267,4925,形容詞,非自立可能,*,*,形容詞,仮定形-融合,ハズガナイ,筈が無い,はずが無けりゃ
筈が無けりゃ,15822,19267,4925,形容詞,非自立可能,*,*,形容詞,仮定形-融合,ハズガナイ,筈が無い,はずが無けりゃ
はずも無けりゃ,15822,19267,4925,形容詞,非自立可能,*,*,形容詞,仮定形-融合,ハズモナイ,筈も無い,はずも無けりゃ
筈も無けりゃ,15822,19267,4925,形容詞,非自立可能,*,*,形容詞,仮定形-融合,ハズモナイ,筈も無い,はずも無けりゃ
はずは無けりゃ,15822,19267,4925,形容詞,非自立可能,*,*,形容詞,仮定形-融合,ハズハナイ,筈は無い,はずは無けりゃ
筈は無けりゃ,15822,19267,4925,形容詞,非自立可能,*,*,形容詞,仮定形-融合,ハズハナイ,筈は無い,はずは無けりゃ
はずの無けりゃ,15822,19267,4925,形容詞,非自立可能,*,*,形容詞,仮定形-融合,ハズノナイ,筈の無い,はずの無けりゃ
筈の無けりゃ,15822,19267,4925,形容詞,非自立可能,*,*,形容詞,仮定形-融合,ハズノナイ,筈の無い,はずの無けりゃ
はずがな〜かろ,15822,19272,6072,形容詞,非自立可能,*,*,形容詞,意志推量形,ハズガナイ,筈が無い,はずがな〜かろ
筈がな〜かろ,15822,19272,6072,形容詞,非自立可能,*,*,形容詞,意志推量形,ハズガナイ,筈が無い,はずがな〜かろ
はずもな〜かろ,15822,19272,6072,形容詞,非自立可能,*,*,形容詞,意志推量形,ハズモナイ,筈も無い,はずもな〜かろ
筈もな〜かろ,15822,19272,6072,形容詞,非自立可能,*,*,形容詞,意志推量形,ハズモナイ,筈も無い,はずもな〜かろ
はずはな〜かろ,15822,19272,6072,形容詞,非自立可能,*,*,形容詞,意志推量形,ハズハナイ,筈は無い,はずはな〜かろ
筈はな〜かろ,15822,19272,6072,形容詞,非自立可能,*,*,形容詞,意志推量形,ハズハナイ,筈は無い,はずはな〜かろ
はずのな〜かろ,15822,19272,6072,形容詞,非自立可能,*,*,形容詞,意志推量形,ハズノナイ,筈の無い,はずのな〜かろ
筈のな〜かろ,15822,19272,6072,形容詞,非自立可能,*,*,形容詞,意志推量形,ハズノナイ,筈の無い,はずのな〜かろ
はずがな〜かろう,15822,19273,4776,形容詞,非自立可能,*,*,形容詞,意志推量形,ハズガナイ,筈が無い,はずがな〜かろう
筈がな〜かろう,15822,19273,4776,形容詞,非自立可能,*,*,形容詞,意志推量形,ハズガナイ,筈が無い,はずがな〜かろう
はずもな〜かろう,15822,19273,4776,形容詞,非自立可能,*,*,形容詞,意志推量形,ハズモナイ,筈も無い,はずもな〜かろう
筈もな〜かろう,15822,19273,4776,形容詞,非自立可能,*,*,形容詞,意志推量形,ハズモナイ,筈も無い,はずもな〜かろう
はずはな〜かろう,15822,19273,4776,形容詞,非自立可能,*,*,形容詞,意志推量形,ハズハナイ,筈は無い,はずはな〜かろう
筈はな〜かろう,15822,19273,4776,形容詞,非自立可能,*,*,形容詞,意志推量形,ハズハナイ,筈は無い,はずはな〜かろう
はずのな〜かろう,15822,19273,4776,形容詞,非自立可能,*,*,形容詞,意志推量形,ハズノナイ,筈の無い,はずのな〜かろう
筈のな〜かろう,15822,19273,4776,形容詞,非自立可能,*,*,形容詞,意志推量形,ハズノナイ,筈の無い,はずのな〜かろう
はずがな〜かろふ,15822,19274,4776,形容詞,非自立可能,*,*,形容詞,意志推量形,ハズガナイ,筈が無い,はずがな〜かろふ
筈がな〜かろふ,15822,19274,4776,形容詞,非自立可能,*,*,形容詞,意志推量形,ハズガナイ,筈が無い,はずがな〜かろふ
はずもな〜かろふ,15822,19274,4776,形容詞,非自立可能,*,*,形容詞,意志推量形,ハズモナイ,筈も無い,はずもな〜かろふ
筈もな〜かろふ,15822,19274,4776,形容詞,非自立可能,*,*,形容詞,意志推量形,ハズモナイ,筈も無い,はずもな〜かろふ
はずはな〜かろふ,15822,19274,4776,形容詞,非自立可能,*,*,形容詞,意志推量形,ハズハナイ,筈は無い,はずはな〜かろふ
筈はな〜かろふ,15822,19274,4776,形容詞,非自立可能,*,*,形容詞,意志推量形,ハズハナイ,筈は無い,はずはな〜かろふ
はずのな〜かろふ,15822,19274,4776,形容詞,非自立可能,*,*,形容詞,意志推量形,ハズノナイ,筈の無い,はずのな〜かろふ
筈のな〜かろふ,15822,19274,4776,形容詞,非自立可能,*,*,形容詞,意志推量形,ハズノナイ,筈の無い,はずのな〜かろふ
はずがなぁかろ,15822,19275,6150,形容詞,非自立可能,*,*,形容詞,意志推量形,ハズガナイ,筈が無い,はずがなぁかろ
筈がなぁかろ,15822,19275,6150,形容詞,非自立可能,*,*,形容詞,意志推量形,ハズガナイ,筈が無い,はずがなぁかろ
はずもなぁかろ,15822,19275,6150,形容詞,非自立可能,*,*,形容詞,意志推量形,ハズモナイ,筈も無い,はずもなぁかろ
筈もなぁかろ,15822,19275,6150,形容詞,非自立可能,*,*,形容詞,意志推量形,ハズモナイ,筈も無い,はずもなぁかろ
はずはなぁかろ,15822,19275,6150,形容詞,非自立可能,*,*,形容詞,意志推量形,ハズハナイ,筈は無い,はずはなぁかろ
筈はなぁかろ,15822,19275,6150,形容詞,非自立可能,*,*,形容詞,意志推量形,ハズハナイ,筈は無い,はずはなぁかろ
はずのなぁかろ,15822,19275,6150,形容詞,非自立可能,*,*,形容詞,意志推量形,ハズノナイ,筈の無い,はずのなぁかろ
筈のなぁかろ,15822,19275,6150,形容詞,非自立可能,*,*,形容詞,意志推量形,ハズノナイ,筈の無い,はずのなぁかろ
はずがなぁかろう,15822,19276,4854,形容詞,非自立可能,*,*,形容詞,意志推量形,ハズガナイ,筈が無い,はずがなぁかろう
筈がなぁかろう,15822,19276,4854,形容詞,非自立可能,*,*,形容詞,意志推量形,ハズガナイ,筈が無い,はずがなぁかろう
はずもなぁかろう,15822,19276,4854,形容詞,非自立可能,*,*,形容詞,意志推量形,ハズモナイ,筈も無い,はずもなぁかろう
筈もなぁかろう,15822,19276,4854,形容詞,非自立可能,*,*,形容詞,意志推量形,ハズモナイ,筈も無い,はずもなぁかろう
はずはなぁかろう,15822,19276,4854,形容詞,非自立可能,*,*,形容詞,意志推量形,ハズハナイ,筈は無い,はずはなぁかろう
筈はなぁかろう,15822,19276,4854,形容詞,非自立可能,*,*,形容詞,意志推量形,ハズハナイ,筈は無い,はずはなぁかろう
はずのなぁかろう,15822,19276,4854,形容詞,非自立可能,*,*,形容詞,意志推量形,ハズノナイ,筈の無い,はずのなぁかろう
筈のなぁかろう,15822,19276,4854,形容詞,非自立可能,*,*,形容詞,意志推量形,ハズノナイ,筈の無い,はずのなぁかろう
はずがなぁかろふ,15822,19277,4854,形容詞,非自立可能,*,*,形容詞,意志推量形,ハズガナイ,筈が無い,はずがなぁかろふ
筈がなぁかろふ,15822,19277,4854,形容詞,非自立可能,*,*,形容詞,意志推量形,ハズガナイ,筈が無い,はずがなぁかろふ
はずもなぁかろふ,15822,19277,4854,形容詞,非自立可能,*,*,形容詞,意志推量形,ハズモナイ,筈も無い,はずもなぁかろふ
筈もなぁかろふ,15822,19277,4854,形容詞,非自立可能,*,*,形容詞,意志推量形,ハズモナイ,筈も無い,はずもなぁかろふ
はずはなぁかろふ,15822,19277,4854,形容詞,非自立可能,*,*,形容詞,意志推量形,ハズハナイ,筈は無い,はずはなぁかろふ
筈はなぁかろふ,15822,19277,4854,形容詞,非自立可能,*,*,形容詞,意志推量形,ハズハナイ,筈は無い,はずはなぁかろふ
はずのなぁかろふ,15822,19277,4854,形容詞,非自立可能,*,*,形容詞,意志推量形,ハズノナイ,筈の無い,はずのなぁかろふ
筈のなぁかろふ,15822,19277,4854,形容詞,非自立可能,*,*,形容詞,意志推量形,ハズノナイ,筈の無い,はずのなぁかろふ
はずがなあかろ,15822,19278,6179,形容詞,非自立可能,*,*,形容詞,意志推量形,ハズガナイ,筈が無い,はずがなあかろ
筈がなあかろ,15822,19278,6179,形容詞,非自立可能,*,*,形容詞,意志推量形,ハズガナイ,筈が無い,はずがなあかろ
はずもなあかろ,15822,19278,6179,形容詞,非自立可能,*,*,形容詞,意志推量形,ハズモナイ,筈も無い,はずもなあかろ
筈もなあかろ,15822,19278,6179,形容詞,非自立可能,*,*,形容詞,意志推量形,ハズモナイ,筈も無い,はずもなあかろ
はずはなあかろ,15822,19278,6179,形容詞,非自立可能,*,*,形容詞,意志推量形,ハズハナイ,筈は無い,はずはなあかろ
筈はなあかろ,15822,19278,6179,形容詞,非自立可能,*,*,形容詞,意志推量形,ハズハナイ,筈は無い,はずはなあかろ
はずのなあかろ,15822,19278,6179,形容詞,非自立可能,*,*,形容詞,意志推量形,ハズノナイ,筈の無い,はずのなあかろ
筈のなあかろ,15822,19278,6179,形容詞,非自立可能,*,*,形容詞,意志推量形,ハズノナイ,筈の無い,はずのなあかろ
はずがなあかろう,15822,19279,4883,形容詞,非自立可能,*,*,形容詞,意志推量形,ハズガナイ,筈が無い,はずがなあかろう
筈がなあかろう,15822,19279,4883,形容詞,非自立可能,*,*,形容詞,意志推量形,ハズガナイ,筈が無い,はずがなあかろう
はずもなあかろう,15822,19279,4883,形容詞,非自立可能,*,*,形容詞,意志推量形,ハズモナイ,筈も無い,はずもなあかろう
筈もなあかろう,15822,19279,4883,形容詞,非自立可能,*,*,形容詞,意志推量形,ハズモナイ,筈も無い,はずもなあかろう
はずはなあかろう,15822,19279,4883,形容詞,非自立可能,*,*,形容詞,意志推量形,ハズハナイ,筈は無い,はずはなあかろう
筈はなあかろう,15822,19279,4883,形容詞,非自立可能,*,*,形容詞,意志推量形,ハズハナイ,筈は無い,はずはなあかろう
はずのなあかろう,15822,19279,4883,形容詞,非自立可能,*,*,形容詞,意志推量形,ハズノナイ,筈の無い,はずのなあかろう
筈のなあかろう,15822,19279,4883,形容詞,非自立可能,*,*,形容詞,意志推量形,ハズノナイ,筈の無い,はずのなあかろう
はずがなあかろふ,15822,19280,4883,形容詞,非自立可能,*,*,形容詞,意志推量形,ハズガナイ,筈が無い,はずがなあかろふ
筈がなあかろふ,15822,19280,4883,形容詞,非自立可能,*,*,形容詞,意志推量形,ハズガナイ,筈が無い,はずがなあかろふ
はずもなあかろふ,15822,19280,4883,形容詞,非自立可能,*,*,形容詞,意志推量形,ハズモナイ,筈も無い,はずもなあかろふ
筈もなあかろふ,15822,19280,4883,形容詞,非自立可能,*,*,形容詞,意志推量形,ハズモナイ,筈も無い,はずもなあかろふ
はずはなあかろふ,15822,19280,4883,形容詞,非自立可能,*,*,形容詞,意志推量形,ハズハナイ,筈は無い,はずはなあかろふ
筈はなあかろふ,15822,19280,4883,形容詞,非自立可能,*,*,形容詞,意志推量形,ハズハナイ,筈は無い,はずはなあかろふ
はずのなあかろふ,15822,19280,4883,形容詞,非自立可能,*,*,形容詞,意志推量形,ハズノナイ,筈の無い,はずのなあかろふ
筈のなあかろふ,15822,19280,4883,形容詞,非自立可能,*,*,形容詞,意志推量形,ハズノナイ,筈の無い,はずのなあかろふ
はずがなからう,15822,19281,2947,形容詞,非自立可能,*,*,形容詞,意志推量形,ハズガナイ,筈が無い,はずがなからう
筈がなからう,15822,19281,2947,形容詞,非自立可能,*,*,形容詞,意志推量形,ハズガナイ,筈が無い,はずがなからう
はずもなからう,15822,19281,2947,形容詞,非自立可能,*,*,形容詞,意志推量形,ハズモナイ,筈も無い,はずもなからう
筈もなからう,15822,19281,2947,形容詞,非自立可能,*,*,形容詞,意志推量形,ハズモナイ,筈も無い,はずもなからう
はずはなからう,15822,19281,2947,形容詞,非自立可能,*,*,形容詞,意志推量形,ハズハナイ,筈は無い,はずはなからう
筈はなからう,15822,19281,2947,形容詞,非自立可能,*,*,形容詞,意志推量形,ハズハナイ,筈は無い,はずはなからう
はずのなからう,15822,19281,2947,形容詞,非自立可能,*,*,形容詞,意志推量形,ハズノナイ,筈の無い,はずのなからう
筈のなからう,15822,19281,2947,形容詞,非自立可能,*,*,形容詞,意志推量形,ハズノナイ,筈の無い,はずのなからう
はずがなかろ,15822,19282,4558,形容詞,非自立可能,*,*,形容詞,意志推量形,ハズガナイ,筈が無い,はずがなかろ
筈がなかろ,15822,19282,4558,形容詞,非自立可能,*,*,形容詞,意志推量形,ハズガナイ,筈が無い,はずがなかろ
はずもなかろ,15822,19282,4558,形容詞,非自立可能,*,*,形容詞,意志推量形,ハズモナイ,筈も無い,はずもなかろ
筈もなかろ,15822,19282,4558,形容詞,非自立可能,*,*,形容詞,意志推量形,ハズモナイ,筈も無い,はずもなかろ
はずはなかろ,15822,19282,4558,形容詞,非自立可能,*,*,形容詞,意志推量形,ハズハナイ,筈は無い,はずはなかろ
筈はなかろ,15822,19282,4558,形容詞,非自立可能,*,*,形容詞,意志推量形,ハズハナイ,筈は無い,はずはなかろ
はずのなかろ,15822,19282,4558,形容詞,非自立可能,*,*,形容詞,意志推量形,ハズノナイ,筈の無い,はずのなかろ
筈のなかろ,15822,19282,4558,形容詞,非自立可能,*,*,形容詞,意志推量形,ハズノナイ,筈の無い,はずのなかろ
はずがなかろう,15822,19283,2718,形容詞,非自立可能,*,*,形容詞,意志推量形,ハズガナイ,筈が無い,はずがなかろう
筈がなかろう,15822,19283,2718,形容詞,非自立可能,*,*,形容詞,意志推量形,ハズガナイ,筈が無い,はずがなかろう
はずもなかろう,15822,19283,2718,形容詞,非自立可能,*,*,形容詞,意志推量形,ハズモナイ,筈も無い,はずもなかろう
筈もなかろう,15822,19283,2718,形容詞,非自立可能,*,*,形容詞,意志推量形,ハズモナイ,筈も無い,はずもなかろう
はずはなかろう,15822,19283,2718,形容詞,非自立可能,*,*,形容詞,意志推量形,ハズハナイ,筈は無い,はずはなかろう
筈はなかろう,15822,19283,2718,形容詞,非自立可能,*,*,形容詞,意志推量形,ハズハナイ,筈は無い,はずはなかろう
はずのなかろう,15822,19283,2718,形容詞,非自立可能,*,*,形容詞,意志推量形,ハズノナイ,筈の無い,はずのなかろう
筈のなかろう,15822,19283,2718,形容詞,非自立可能,*,*,形容詞,意志推量形,ハズノナイ,筈の無い,はずのなかろう
はずがなかろふ,15822,19284,2947,形容詞,非自立可能,*,*,形容詞,意志推量形,ハズガナイ,筈が無い,はずがなかろふ
筈がなかろふ,15822,19284,2947,形容詞,非自立可能,*,*,形容詞,意志推量形,ハズガナイ,筈が無い,はずがなかろふ
はずもなかろふ,15822,19284,2947,形容詞,非自立可能,*,*,形容詞,意志推量形,ハズモナイ,筈も無い,はずもなかろふ
筈もなかろふ,15822,19284,2947,形容詞,非自立可能,*,*,形容詞,意志推量形,ハズモナイ,筈も無い,はずもなかろふ
はずはなかろふ,15822,19284,2947,形容詞,非自立可能,*,*,形容詞,意志推量形,ハズハナイ,筈は無い,はずはなかろふ
筈はなかろふ,15822,19284,2947,形容詞,非自立可能,*,*,形容詞,意志推量形,ハズハナイ,筈は無い,はずはなかろふ
はずのなかろふ,15822,19284,2947,形容詞,非自立可能,*,*,形容詞,意志推量形,ハズノナイ,筈の無い,はずのなかろふ
筈のなかろふ,15822,19284,2947,形容詞,非自立可能,*,*,形容詞,意志推量形,ハズノナイ,筈の無い,はずのなかろふ
はずがなーかろ,15822,19285,6114,形容詞,非自立可能,*,*,形容詞,意志推量形,ハズガナイ,筈が無い,はずがなーかろ
筈がなーかろ,15822,19285,6114,形容詞,非自立可能,*,*,形容詞,意志推量形,ハズガナイ,筈が無い,はずがなーかろ
はずもなーかろ,15822,19285,6114,形容詞,非自立可能,*,*,形容詞,意志推量形,ハズモナイ,筈も無い,はずもなーかろ
筈もなーかろ,15822,19285,6114,形容詞,非自立可能,*,*,形容詞,意志推量形,ハズモナイ,筈も無い,はずもなーかろ
はずはなーかろ,15822,19285,6114,形容詞,非自立可能,*,*,形容詞,意志推量形,ハズハナイ,筈は無い,はずはなーかろ
筈はなーかろ,15822,19285,6114,形容詞,非自立可能,*,*,形容詞,意志推量形,ハズハナイ,筈は無い,はずはなーかろ
はずのなーかろ,15822,19285,6114,形容詞,非自立可能,*,*,形容詞,意志推量形,ハズノナイ,筈の無い,はずのなーかろ
筈のなーかろ,15822,19285,6114,形容詞,非自立可能,*,*,形容詞,意志推量形,ハズノナイ,筈の無い,はずのなーかろ
はずがなーかろう,15822,19286,4818,形容詞,非自立可能,*,*,形容詞,意志推量形,ハズガナイ,筈が無い,はずがなーかろう
筈がなーかろう,15822,19286,4818,形容詞,非自立可能,*,*,形容詞,意志推量形,ハズガナイ,筈が無い,はずがなーかろう
はずもなーかろう,15822,19286,4818,形容詞,非自立可能,*,*,形容詞,意志推量形,ハズモナイ,筈も無い,はずもなーかろう
筈もなーかろう,15822,19286,4818,形容詞,非自立可能,*,*,形容詞,意志推量形,ハズモナイ,筈も無い,はずもなーかろう
はずはなーかろう,15822,19286,4818,形容詞,非自立可能,*,*,形容詞,意志推量形,ハズハナイ,筈は無い,はずはなーかろう
筈はなーかろう,15822,19286,4818,形容詞,非自立可能,*,*,形容詞,意志推量形,ハズハナイ,筈は無い,はずはなーかろう
はずのなーかろう,15822,19286,4818,形容詞,非自立可能,*,*,形容詞,意志推量形,ハズノナイ,筈の無い,はずのなーかろう
筈のなーかろう,15822,19286,4818,形容詞,非自立可能,*,*,形容詞,意志推量形,ハズノナイ,筈の無い,はずのなーかろう
はずがなーかろふ,15822,19287,4818,形容詞,非自立可能,*,*,形容詞,意志推量形,ハズガナイ,筈が無い,はずがなーかろふ
筈がなーかろふ,15822,19287,4818,形容詞,非自立可能,*,*,形容詞,意志推量形,ハズガナイ,筈が無い,はずがなーかろふ
はずもなーかろふ,15822,19287,4818,形容詞,非自立可能,*,*,形容詞,意志推量形,ハズモナイ,筈も無い,はずもなーかろふ
筈もなーかろふ,15822,19287,4818,形容詞,非自立可能,*,*,形容詞,意志推量形,ハズモナイ,筈も無い,はずもなーかろふ
はずはなーかろふ,15822,19287,4818,形容詞,非自立可能,*,*,形容詞,意志推量形,ハズハナイ,筈は無い,はずはなーかろふ
筈はなーかろふ,15822,19287,4818,形容詞,非自立可能,*,*,形容詞,意志推量形,ハズハナイ,筈は無い,はずはなーかろふ
はずのなーかろふ,15822,19287,4818,形容詞,非自立可能,*,*,形容詞,意志推量形,ハズノナイ,筈の無い,はずのなーかろふ
筈のなーかろふ,15822,19287,4818,形容詞,非自立可能,*,*,形容詞,意志推量形,ハズノナイ,筈の無い,はずのなーかろふ
はずが無からう,15822,19337,4460,形容詞,非自立可能,*,*,形容詞,意志推量形,ハズガナイ,筈が無い,はずが無からう
筈が無からう,15822,19337,4460,形容詞,非自立可能,*,*,形容詞,意志推量形,ハズガナイ,筈が無い,はずが無からう
はずも無からう,15822,19337,4460,形容詞,非自立可能,*,*,形容詞,意志推量形,ハズモナイ,筈も無い,はずも無からう
筈も無からう,15822,19337,4460,形容詞,非自立可能,*,*,形容詞,意志推量形,ハズモナイ,筈も無い,はずも無からう
はずは無からう,15822,19337,4460,形容詞,非自立可能,*,*,形容詞,意志推量形,ハズハナイ,筈は無い,はずは無からう
筈は無からう,15822,19337,4460,形容詞,非自立可能,*,*,形容詞,意志推量形,ハズハナイ,筈は無い,はずは無からう
はずの無からう,15822,19337,4460,形容詞,非自立可能,*,*,形容詞,意志推量形,ハズノナイ,筈の無い,はずの無からう
筈の無からう,15822,19337,4460,形容詞,非自立可能,*,*,形容詞,意志推量形,ハズノナイ,筈の無い,はずの無からう
はずが無かろ,15822,19338,6070,形容詞,非自立可能,*,*,形容詞,意志推量形,ハズガナイ,筈が無い,はずが無かろ
筈が無かろ,15822,19338,6070,形容詞,非自立可能,*,*,形容詞,意志推量形,ハズガナイ,筈が無い,はずが無かろ
はずも無かろ,15822,19338,6070,形容詞,非自立可能,*,*,形容詞,意志推量形,ハズモナイ,筈も無い,はずも無かろ
筈も無かろ,15822,19338,6070,形容詞,非自立可能,*,*,形容詞,意志推量形,ハズモナイ,筈も無い,はずも無かろ
はずは無かろ,15822,19338,6070,形容詞,非自立可能,*,*,形容詞,意志推量形,ハズハナイ,筈は無い,はずは無かろ
筈は無かろ,15822,19338,6070,形容詞,非自立可能,*,*,形容詞,意志推量形,ハズハナイ,筈は無い,はずは無かろ
はずの無かろ,15822,19338,6070,形容詞,非自立可能,*,*,形容詞,意志推量形,ハズノナイ,筈の無い,はずの無かろ
筈の無かろ,15822,19338,6070,形容詞,非自立可能,*,*,形容詞,意志推量形,ハズノナイ,筈の無い,はずの無かろ
はずが無かろう,15822,19339,4460,形容詞,非自立可能,*,*,形容詞,意志推量形,ハズガナイ,筈が無い,はずが無かろう
筈が無かろう,15822,19339,4460,形容詞,非自立可能,*,*,形容詞,意志推量形,ハズガナイ,筈が無い,はずが無かろう
はずも無かろう,15822,19339,4460,形容詞,非自立可能,*,*,形容詞,意志推量形,ハズモナイ,筈も無い,はずも無かろう
筈も無かろう,15822,19339,4460,形容詞,非自立可能,*,*,形容詞,意志推量形,ハズモナイ,筈も無い,はずも無かろう
はずは無かろう,15822,19339,4460,形容詞,非自立可能,*,*,形容詞,意志推量形,ハズハナイ,筈は無い,はずは無かろう
筈は無かろう,15822,19339,4460,形容詞,非自立可能,*,*,形容詞,意志推量形,ハズハナイ,筈は無い,はずは無かろう
はずの無かろう,15822,19339,4460,形容詞,非自立可能,*,*,形容詞,意志推量形,ハズノナイ,筈の無い,はずの無かろう
筈の無かろう,15822,19339,4460,形容詞,非自立可能,*,*,形容詞,意志推量形,ハズノナイ,筈の無い,はずの無かろう
はずが無かろふ,15822,19340,4460,形容詞,非自立可能,*,*,形容詞,意志推量形,ハズガナイ,筈が無い,はずが無かろふ
筈が無かろふ,15822,19340,4460,形容詞,非自立可能,*,*,形容詞,意志推量形,ハズガナイ,筈が無い,はずが無かろふ
はずも無かろふ,15822,19340,4460,形容詞,非自立可能,*,*,形容詞,意志推量形,ハズモナイ,筈も無い,はずも無かろふ
筈も無かろふ,15822,19340,4460,形容詞,非自立可能,*,*,形容詞,意志推量形,ハズモナイ,筈も無い,はずも無かろふ
はずは無かろふ,15822,19340,4460,形容詞,非自立可能,*,*,形容詞,意志推量形,ハズハナイ,筈は無い,はずは無かろふ
筈は無かろふ,15822,19340,4460,形容詞,非自立可能,*,*,形容詞,意志推量形,ハズハナイ,筈は無い,はずは無かろふ
はずの無かろふ,15822,19340,4460,形容詞,非自立可能,*,*,形容詞,意志推量形,ハズノナイ,筈の無い,はずの無かろふ
筈の無かろふ,15822,19340,4460,形容詞,非自立可能,*,*,形容詞,意志推量形,ハズノナイ,筈の無い,はずの無かろふ
はずがな」い,15822,19359,3735,形容詞,非自立可能,*,*,形容詞,終止形-一般,ハズガナイ,筈が無い,はずがな」い
筈がな」い,15822,19359,3735,形容詞,非自立可能,*,*,形容詞,終止形-一般,ハズガナイ,筈が無い,はずがな」い
はずもな」い,15822,19359,3735,形容詞,非自立可能,*,*,形容詞,終止形-一般,ハズモナイ,筈も無い,はずもな」い
筈もな」い,15822,19359,3735,形容詞,非自立可能,*,*,形容詞,終止形-一般,ハズモナイ,筈も無い,はずもな」い
はずはな」い,15822,19359,3735,形容詞,非自立可能,*,*,形容詞,終止形-一般,ハズハナイ,筈は無い,はずはな」い
筈はな」い,15822,19359,3735,形容詞,非自立可能,*,*,形容詞,終止形-一般,ハズハナイ,筈は無い,はずはな」い
はずのな」い,15822,19359,3735,形容詞,非自立可能,*,*,形容詞,終止形-一般,ハズノナイ,筈の無い,はずのな」い
筈のな」い,15822,19359,3735,形容詞,非自立可能,*,*,形容詞,終止形-一般,ハズノナイ,筈の無い,はずのな」い
はずがな〜い,15822,19360,5870,形容詞,非自立可能,*,*,形容詞,終止形-一般,ハズガナイ,筈が無い,はずがな〜い
筈がな〜い,15822,19360,5870,形容詞,非自立可能,*,*,形容詞,終止形-一般,ハズガナイ,筈が無い,はずがな〜い
はずもな〜い,15822,19360,5870,形容詞,非自立可能,*,*,形容詞,終止形-一般,ハズモナイ,筈も無い,はずもな〜い
筈もな〜い,15822,19360,5870,形容詞,非自立可能,*,*,形容詞,終止形-一般,ハズモナイ,筈も無い,はずもな〜い
はずはな〜い,15822,19360,5870,形容詞,非自立可能,*,*,形容詞,終止形-一般,ハズハナイ,筈は無い,はずはな〜い
筈はな〜い,15822,19360,5870,形容詞,非自立可能,*,*,形容詞,終止形-一般,ハズハナイ,筈は無い,はずはな〜い
はずのな〜い,15822,19360,5870,形容詞,非自立可能,*,*,形容詞,終止形-一般,ハズノナイ,筈の無い,はずのな〜い
筈のな〜い,15822,19360,5870,形容詞,非自立可能,*,*,形容詞,終止形-一般,ハズノナイ,筈の無い,はずのな〜い
はずがなぁい,15822,19361,5996,形容詞,非自立可能,*,*,形容詞,終止形-一般,ハズガナイ,筈が無い,はずがなぁい
筈がなぁい,15822,19361,5996,形容詞,非自立可能,*,*,形容詞,終止形-一般,ハズガナイ,筈が無い,はずがなぁい
はずもなぁい,15822,19361,5996,形容詞,非自立可能,*,*,形容詞,終止形-一般,ハズモナイ,筈も無い,はずもなぁい
筈もなぁい,15822,19361,5996,形容詞,非自立可能,*,*,形容詞,終止形-一般,ハズモナイ,筈も無い,はずもなぁい
はずはなぁい,15822,19361,5996,形容詞,非自立可能,*,*,形容詞,終止形-一般,ハズハナイ,筈は無い,はずはなぁい
筈はなぁい,15822,19361,5996,形容詞,非自立可能,*,*,形容詞,終止形-一般,ハズハナイ,筈は無い,はずはなぁい
はずのなぁい,15822,19361,5996,形容詞,非自立可能,*,*,形容詞,終止形-一般,ハズノナイ,筈の無い,はずのなぁい
筈のなぁい,15822,19361,5996,形容詞,非自立可能,*,*,形容詞,終止形-一般,ハズノナイ,筈の無い,はずのなぁい
はずがなあい,15822,19362,6025,形容詞,非自立可能,*,*,形容詞,終止形-一般,ハズガナイ,筈が無い,はずがなあい
筈がなあい,15822,19362,6025,形容詞,非自立可能,*,*,形容詞,終止形-一般,ハズガナイ,筈が無い,はずがなあい
はずもなあい,15822,19362,6025,形容詞,非自立可能,*,*,形容詞,終止形-一般,ハズモナイ,筈も無い,はずもなあい
筈もなあい,15822,19362,6025,形容詞,非自立可能,*,*,形容詞,終止形-一般,ハズモナイ,筈も無い,はずもなあい
はずはなあい,15822,19362,6025,形容詞,非自立可能,*,*,形容詞,終止形-一般,ハズハナイ,筈は無い,はずはなあい
筈はなあい,15822,19362,6025,形容詞,非自立可能,*,*,形容詞,終止形-一般,ハズハナイ,筈は無い,はずはなあい
はずのなあい,15822,19362,6025,形容詞,非自立可能,*,*,形容詞,終止形-一般,ハズノナイ,筈の無い,はずのなあい
筈のなあい,15822,19362,6025,形容詞,非自立可能,*,*,形容詞,終止形-一般,ハズノナイ,筈の無い,はずのなあい
はずがなあーい,15822,19363,6025,形容詞,非自立可能,*,*,形容詞,終止形-一般,ハズガナイ,筈が無い,はずがなあーい
筈がなあーい,15822,19363,6025,形容詞,非自立可能,*,*,形容詞,終止形-一般,ハズガナイ,筈が無い,はずがなあーい
はずもなあーい,15822,19363,6025,形容詞,非自立可能,*,*,形容詞,終止形-一般,ハズモナイ,筈も無い,はずもなあーい
筈もなあーい,15822,19363,6025,形容詞,非自立可能,*,*,形容詞,終止形-一般,ハズモナイ,筈も無い,はずもなあーい
はずはなあーい,15822,19363,6025,形容詞,非自立可能,*,*,形容詞,終止形-一般,ハズハナイ,筈は無い,はずはなあーい
筈はなあーい,15822,19363,6025,形容詞,非自立可能,*,*,形容詞,終止形-一般,ハズハナイ,筈は無い,はずはなあーい
はずのなあーい,15822,19363,6025,形容詞,非自立可能,*,*,形容詞,終止形-一般,ハズノナイ,筈の無い,はずのなあーい
筈のなあーい,15822,19363,6025,形容詞,非自立可能,*,*,形容詞,終止形-一般,ハズノナイ,筈の無い,はずのなあーい
はずがない,15822,19364,2482,形容詞,非自立可能,*,*,形容詞,終止形-一般,ハズガナイ,筈が無い,はずがない
筈がない,15822,19364,2482,形容詞,非自立可能,*,*,形容詞,終止形-一般,ハズガナイ,筈が無い,はずがない
はずもない,15822,19364,2482,形容詞,非自立可能,*,*,形容詞,終止形-一般,ハズモナイ,筈も無い,はずもない
筈もない,15822,19364,2482,形容詞,非自立可能,*,*,形容詞,終止形-一般,ハズモナイ,筈も無い,はずもない
はずはない,15822,19364,2482,形容詞,非自立可能,*,*,形容詞,終止形-一般,ハズハナイ,筈は無い,はずはない
筈はない,15822,19364,2482,形容詞,非自立可能,*,*,形容詞,終止形-一般,ハズハナイ,筈は無い,はずはない
はずのない,15822,19364,2482,形容詞,非自立可能,*,*,形容詞,終止形-一般,ハズノナイ,筈の無い,はずのない
筈のない,15822,19364,2482,形容詞,非自立可能,*,*,形容詞,終止形-一般,ハズノナイ,筈の無い,はずのない
はずがなーい,15822,19365,5966,形容詞,非自立可能,*,*,形容詞,終止形-一般,ハズガナイ,筈が無い,はずがなーい
筈がなーい,15822,19365,5966,形容詞,非自立可能,*,*,形容詞,終止形-一般,ハズガナイ,筈が無い,はずがなーい
はずもなーい,15822,19365,5966,形容詞,非自立可能,*,*,形容詞,終止形-一般,ハズモナイ,筈も無い,はずもなーい
筈もなーい,15822,19365,5966,形容詞,非自立可能,*,*,形容詞,終止形-一般,ハズモナイ,筈も無い,はずもなーい
はずはなーい,15822,19365,5966,形容詞,非自立可能,*,*,形容詞,終止形-一般,ハズハナイ,筈は無い,はずはなーい
筈はなーい,15822,19365,5966,形容詞,非自立可能,*,*,形容詞,終止形-一般,ハズハナイ,筈は無い,はずはなーい
はずのなーい,15822,19365,5966,形容詞,非自立可能,*,*,形容詞,終止形-一般,ハズノナイ,筈の無い,はずのなーい
筈のなーい,15822,19365,5966,形容詞,非自立可能,*,*,形容詞,終止形-一般,ハズノナイ,筈の無い,はずのなーい
はずがなーーーーい,15822,19366,5960,形容詞,非自立可能,*,*,形容詞,終止形-一般,ハズガナイ,筈が無い,はずがなーーーーい
筈がなーーーーい,15822,19366,5960,形容詞,非自立可能,*,*,形容詞,終止形-一般,ハズガナイ,筈が無い,はずがなーーーーい
はずもなーーーーい,15822,19366,5960,形容詞,非自立可能,*,*,形容詞,終止形-一般,ハズモナイ,筈も無い,はずもなーーーーい
筈もなーーーーい,15822,19366,5960,形容詞,非自立可能,*,*,形容詞,終止形-一般,ハズモナイ,筈も無い,はずもなーーーーい
はずはなーーーーい,15822,19366,5960,形容詞,非自立可能,*,*,形容詞,終止形-一般,ハズハナイ,筈は無い,はずはなーーーーい
筈はなーーーーい,15822,19366,5960,形容詞,非自立可能,*,*,形容詞,終止形-一般,ハズハナイ,筈は無い,はずはなーーーーい
はずのなーーーーい,15822,19366,5960,形容詞,非自立可能,*,*,形容詞,終止形-一般,ハズノナイ,筈の無い,はずのなーーーーい
筈のなーーーーい,15822,19366,5960,形容詞,非自立可能,*,*,形容詞,終止形-一般,ハズノナイ,筈の無い,はずのなーーーーい
はずが無い,15822,19406,5309,形容詞,非自立可能,*,*,形容詞,終止形-一般,ハズガナイ,筈が無い,はずが無い
筈が無い,15822,19406,5309,形容詞,非自立可能,*,*,形容詞,終止形-一般,ハズガナイ,筈が無い,はずが無い
はずも無い,15822,19406,5309,形容詞,非自立可能,*,*,形容詞,終止形-一般,ハズモナイ,筈も無い,はずも無い
筈も無い,15822,19406,5309,形容詞,非自立可能,*,*,形容詞,終止形-一般,ハズモナイ,筈も無い,はずも無い
はずは無い,15822,19406,5309,形容詞,非自立可能,*,*,形容詞,終止形-一般,ハズハナイ,筈は無い,はずは無い
筈は無い,15822,19406,5309,形容詞,非自立可能,*,*,形容詞,終止形-一般,ハズハナイ,筈は無い,はずは無い
はずの無い,15822,19406,5309,形容詞,非自立可能,*,*,形容詞,終止形-一般,ハズノナイ,筈の無い,はずの無い
筈の無い,15822,19406,5309,形容詞,非自立可能,*,*,形容詞,終止形-一般,ハズノナイ,筈の無い,はずの無い
はずが無え,15822,19407,6842,形容詞,非自立可能,*,*,形容詞,終止形-一般,ハズガナイ,筈が無い,はずが無え
筈が無え,15822,19407,6842,形容詞,非自立可能,*,*,形容詞,終止形-一般,ハズガナイ,筈が無い,はずが無え
はずも無え,15822,19407,6842,形容詞,非自立可能,*,*,形容詞,終止形-一般,ハズモナイ,筈も無い,はずも無え
筈も無え,15822,19407,6842,形容詞,非自立可能,*,*,形容詞,終止形-一般,ハズモナイ,筈も無い,はずも無え
はずは無え,15822,19407,6842,形容詞,非自立可能,*,*,形容詞,終止形-一般,ハズハナイ,筈は無い,はずは無え
筈は無え,15822,19407,6842,形容詞,非自立可能,*,*,形容詞,終止形-一般,ハズハナイ,筈は無い,はずは無え
はずの無え,15822,19407,6842,形容詞,非自立可能,*,*,形容詞,終止形-一般,ハズノナイ,筈の無い,はずの無え
筈の無え,15822,19407,6842,形容詞,非自立可能,*,*,形容詞,終止形-一般,ハズノナイ,筈の無い,はずの無え
はずがなさ,15822,19432,4081,形容詞,非自立可能,*,*,形容詞,語幹-サ,ハズガナイ,筈が無い,はずがなさ
筈がなさ,15822,19432,4081,形容詞,非自立可能,*,*,形容詞,語幹-サ,ハズガナイ,筈が無い,はずがなさ
はずもなさ,15822,19432,4081,形容詞,非自立可能,*,*,形容詞,語幹-サ,ハズモナイ,筈も無い,はずもなさ
筈もなさ,15822,19432,4081,形容詞,非自立可能,*,*,形容詞,語幹-サ,ハズモナイ,筈も無い,はずもなさ
はずはなさ,15822,19432,4081,形容詞,非自立可能,*,*,形容詞,語幹-サ,ハズハナイ,筈は無い,はずはなさ
筈はなさ,15822,19432,4081,形容詞,非自立可能,*,*,形容詞,語幹-サ,ハズハナイ,筈は無い,はずはなさ
はずのなさ,15822,19432,4081,形容詞,非自立可能,*,*,形容詞,語幹-サ,ハズノナイ,筈の無い,はずのなさ
筈のなさ,15822,19432,4081,形容詞,非自立可能,*,*,形容詞,語幹-サ,ハズノナイ,筈の無い,はずのなさ
はずが無さ,15822,19442,5664,形容詞,非自立可能,*,*,形容詞,語幹-サ,ハズガナイ,筈が無い,はずが無さ
筈が無さ,15822,19442,5664,形容詞,非自立可能,*,*,形容詞,語幹-サ,ハズガナイ,筈が無い,はずが無さ
はずも無さ,15822,19442,5664,形容詞,非自立可能,*,*,形容詞,語幹-サ,ハズモナイ,筈も無い,はずも無さ
筈も無さ,15822,19442,5664,形容詞,非自立可能,*,*,形容詞,語幹-サ,ハズモナイ,筈も無い,はずも無さ
はずは無さ,15822,19442,5664,形容詞,非自立可能,*,*,形容詞,語幹-サ,ハズハナイ,筈は無い,はずは無さ
筈は無さ,15822,19442,5664,形容詞,非自立可能,*,*,形容詞,語幹-サ,ハズハナイ,筈は無い,はずは無さ
はずの無さ,15822,19442,5664,形容詞,非自立可能,*,*,形容詞,語幹-サ,ハズノナイ,筈の無い,はずの無さ
筈の無さ,15822,19442,5664,形容詞,非自立可能,*,*,形容詞,語幹-サ,ハズノナイ,筈の無い,はずの無さ
はずがな,15822,19445,7532,形容詞,非自立可能,*,*,形容詞,語幹-一般,ハズガナイ,筈が無い,はずがな
筈がな,15822,19445,7532,形容詞,非自立可能,*,*,形容詞,語幹-一般,ハズガナイ,筈が無い,はずがな
はずもな,15822,19445,7532,形容詞,非自立可能,*,*,形容詞,語幹-一般,ハズモナイ,筈も無い,はずもな
筈もな,15822,19445,7532,形容詞,非自立可能,*,*,形容詞,語幹-一般,ハズモナイ,筈も無い,はずもな
はずはな,15822,19445,7532,形容詞,非自立可能,*,*,形容詞,語幹-一般,ハズハナイ,筈は無い,はずはな
筈はな,15822,19445,7532,形容詞,非自立可能,*,*,形容詞,語幹-一般,ハズハナイ,筈は無い,はずはな
はずのな,15822,19445,7532,形容詞,非自立可能,*,*,形容詞,語幹-一般,ハズノナイ,筈の無い,はずのな
筈のな,15822,19445,7532,形容詞,非自立可能,*,*,形容詞,語幹-一般,ハズノナイ,筈の無い,はずのな
はずがな〜,15822,19446,6733,形容詞,非自立可能,*,*,形容詞,語幹-一般,ハズガナイ,筈が無い,はずがな〜
筈がな〜,15822,19446,6733,形容詞,非自立可能,*,*,形容詞,語幹-一般,ハズガナイ,筈が無い,はずがな〜
はずもな〜,15822,19446,6733,形容詞,非自立可能,*,*,形容詞,語幹-一般,ハズモナイ,筈も無い,はずもな〜
筈もな〜,15822,19446,6733,形容詞,非自立可能,*,*,形容詞,語幹-一般,ハズモナイ,筈も無い,はずもな〜
はずはな〜,15822,19446,6733,形容詞,非自立可能,*,*,形容詞,語幹-一般,ハズハナイ,筈は無い,はずはな〜
筈はな〜,15822,19446,6733,形容詞,非自立可能,*,*,形容詞,語幹-一般,ハズハナイ,筈は無い,はずはな〜
はずのな〜,15822,19446,6733,形容詞,非自立可能,*,*,形容詞,語幹-一般,ハズノナイ,筈の無い,はずのな〜
筈のな〜,15822,19446,6733,形容詞,非自立可能,*,*,形容詞,語幹-一般,ハズノナイ,筈の無い,はずのな〜
はずがなぁ,15822,19447,6865,形容詞,非自立可能,*,*,形容詞,語幹-一般,ハズガナイ,筈が無い,はずがなぁ
筈がなぁ,15822,19447,6865,形容詞,非自立可能,*,*,形容詞,語幹-一般,ハズガナイ,筈が無い,はずがなぁ
はずもなぁ,15822,19447,6865,形容詞,非自立可能,*,*,形容詞,語幹-一般,ハズモナイ,筈も無い,はずもなぁ
筈もなぁ,15822,19447,6865,形容詞,非自立可能,*,*,形容詞,語幹-一般,ハズモナイ,筈も無い,はずもなぁ
はずはなぁ,15822,19447,6865,形容詞,非自立可能,*,*,形容詞,語幹-一般,ハズハナイ,筈は無い,はずはなぁ
筈はなぁ,15822,19447,6865,形容詞,非自立可能,*,*,形容詞,語幹-一般,ハズハナイ,筈は無い,はずはなぁ
はずのなぁ,15822,19447,6865,形容詞,非自立可能,*,*,形容詞,語幹-一般,ハズノナイ,筈の無い,はずのなぁ
筈のなぁ,15822,19447,6865,形容詞,非自立可能,*,*,形容詞,語幹-一般,ハズノナイ,筈の無い,はずのなぁ
はずがなあ,15822,19448,6973,形容詞,非自立可能,*,*,形容詞,語幹-一般,ハズガナイ,筈が無い,はずがなあ
筈がなあ,15822,19448,6973,形容詞,非自立可能,*,*,形容詞,語幹-一般,ハズガナイ,筈が無い,はずがなあ
はずもなあ,15822,19448,6973,形容詞,非自立可能,*,*,形容詞,語幹-一般,ハズモナイ,筈も無い,はずもなあ
筈もなあ,15822,19448,6973,形容詞,非自立可能,*,*,形容詞,語幹-一般,ハズモナイ,筈も無い,はずもなあ
はずはなあ,15822,19448,6973,形容詞,非自立可能,*,*,形容詞,語幹-一般,ハズハナイ,筈は無い,はずはなあ
筈はなあ,15822,19448,6973,形容詞,非自立可能,*,*,形容詞,語幹-一般,ハズハナイ,筈は無い,はずはなあ
はずのなあ,15822,19448,6973,形容詞,非自立可能,*,*,形容詞,語幹-一般,ハズノナイ,筈の無い,はずのなあ
筈のなあ,15822,19448,6973,形容詞,非自立可能,*,*,形容詞,語幹-一般,ハズノナイ,筈の無い,はずのなあ
はずがなー,15822,19449,6781,形容詞,非自立可能,*,*,形容詞,語幹-一般,ハズガナイ,筈が無い,はずがなー
筈がなー,15822,19449,6781,形容詞,非自立可能,*,*,形容詞,語幹-一般,ハズガナイ,筈が無い,はずがなー
はずもなー,15822,19449,6781,形容詞,非自立可能,*,*,形容詞,語幹-一般,ハズモナイ,筈も無い,はずもなー
筈もなー,15822,19449,6781,形容詞,非自立可能,*,*,形容詞,語幹-一般,ハズモナイ,筈も無い,はずもなー
はずはなー,15822,19449,6781,形容詞,非自立可能,*,*,形容詞,語幹-一般,ハズハナイ,筈は無い,はずはなー
筈はなー,15822,19449,6781,形容詞,非自立可能,*,*,形容詞,語幹-一般,ハズハナイ,筈は無い,はずはなー
はずのなー,15822,19449,6781,形容詞,非自立可能,*,*,形容詞,語幹-一般,ハズノナイ,筈の無い,はずのなー
筈のなー,15822,19449,6781,形容詞,非自立可能,*,*,形容詞,語幹-一般,ハズノナイ,筈の無い,はずのなー
はずが無,15822,19462,8231,形容詞,非自立可能,*,*,形容詞,語幹-一般,ハズガナイ,筈が無い,はずが無
筈が無,15822,19462,8231,形容詞,非自立可能,*,*,形容詞,語幹-一般,ハズガナイ,筈が無い,はずが無
はずも無,15822,19462,8231,形容詞,非自立可能,*,*,形容詞,語幹-一般,ハズモナイ,筈も無い,はずも無
筈も無,15822,19462,8231,形容詞,非自立可能,*,*,形容詞,語幹-一般,ハズモナイ,筈も無い,はずも無
はずは無,15822,19462,8231,形容詞,非自立可能,*,*,形容詞,語幹-一般,ハズハナイ,筈は無い,はずは無
筈は無,15822,19462,8231,形容詞,非自立可能,*,*,形容詞,語幹-一般,ハズハナイ,筈は無い,はずは無
はずの無,15822,19462,8231,形容詞,非自立可能,*,*,形容詞,語幹-一般,ハズノナイ,筈の無い,はずの無
筈の無,15822,19462,8231,形容詞,非自立可能,*,*,形容詞,語幹-一般,ハズノナイ,筈の無い,はずの無
はずがな〜い,15822,19471,5476,形容詞,非自立可能,*,*,形容詞,連体形-一般,ハズガナイ,筈が無い,はずがな〜い
筈がな〜い,15822,19471,5476,形容詞,非自立可能,*,*,形容詞,連体形-一般,ハズガナイ,筈が無い,はずがな〜い
はずもな〜い,15822,19471,5476,形容詞,非自立可能,*,*,形容詞,連体形-一般,ハズモナイ,筈も無い,はずもな〜い
筈もな〜い,15822,19471,5476,形容詞,非自立可能,*,*,形容詞,連体形-一般,ハズモナイ,筈も無い,はずもな〜い
はずはな〜い,15822,19471,5476,形容詞,非自立可能,*,*,形容詞,連体形-一般,ハズハナイ,筈は無い,はずはな〜い
筈はな〜い,15822,19471,5476,形容詞,非自立可能,*,*,形容詞,連体形-一般,ハズハナイ,筈は無い,はずはな〜い
はずのな〜い,15822,19471,5476,形容詞,非自立可能,*,*,形容詞,連体形-一般,ハズノナイ,筈の無い,はずのな〜い
筈のな〜い,15822,19471,5476,形容詞,非自立可能,*,*,形容詞,連体形-一般,ハズノナイ,筈の無い,はずのな〜い
はずがなぁい,15822,19472,5561,形容詞,非自立可能,*,*,形容詞,連体形-一般,ハズガナイ,筈が無い,はずがなぁい
筈がなぁい,15822,19472,5561,形容詞,非自立可能,*,*,形容詞,連体形-一般,ハズガナイ,筈が無い,はずがなぁい
はずもなぁい,15822,19472,5561,形容詞,非自立可能,*,*,形容詞,連体形-一般,ハズモナイ,筈も無い,はずもなぁい
筈もなぁい,15822,19472,5561,形容詞,非自立可能,*,*,形容詞,連体形-一般,ハズモナイ,筈も無い,はずもなぁい
はずはなぁい,15822,19472,5561,形容詞,非自立可能,*,*,形容詞,連体形-一般,ハズハナイ,筈は無い,はずはなぁい
筈はなぁい,15822,19472,5561,形容詞,非自立可能,*,*,形容詞,連体形-一般,ハズハナイ,筈は無い,はずはなぁい
はずのなぁい,15822,19472,5561,形容詞,非自立可能,*,*,形容詞,連体形-一般,ハズノナイ,筈の無い,はずのなぁい
筈のなぁい,15822,19472,5561,形容詞,非自立可能,*,*,形容詞,連体形-一般,ハズノナイ,筈の無い,はずのなぁい
はずがなあい,15822,19473,5590,形容詞,非自立可能,*,*,形容詞,連体形-一般,ハズガナイ,筈が無い,はずがなあい
筈がなあい,15822,19473,5590,形容詞,非自立可能,*,*,形容詞,連体形-一般,ハズガナイ,筈が無い,はずがなあい
はずもなあい,15822,19473,5590,形容詞,非自立可能,*,*,形容詞,連体形-一般,ハズモナイ,筈も無い,はずもなあい
筈もなあい,15822,19473,5590,形容詞,非自立可能,*,*,形容詞,連体形-一般,ハズモナイ,筈も無い,はずもなあい
はずはなあい,15822,19473,5590,形容詞,非自立可能,*,*,形容詞,連体形-一般,ハズハナイ,筈は無い,はずはなあい
筈はなあい,15822,19473,5590,形容詞,非自立可能,*,*,形容詞,連体形-一般,ハズハナイ,筈は無い,はずはなあい
はずのなあい,15822,19473,5590,形容詞,非自立可能,*,*,形容詞,連体形-一般,ハズノナイ,筈の無い,はずのなあい
筈のなあい,15822,19473,5590,形容詞,非自立可能,*,*,形容詞,連体形-一般,ハズノナイ,筈の無い,はずのなあい
はずがない,15822,19474,2005,形容詞,非自立可能,*,*,形容詞,連体形-一般,ハズガナイ,筈が無い,はずがない
筈がない,15822,19474,2005,形容詞,非自立可能,*,*,形容詞,連体形-一般,ハズガナイ,筈が無い,はずがない
はずもない,15822,19474,2005,形容詞,非自立可能,*,*,形容詞,連体形-一般,ハズモナイ,筈も無い,はずもない
筈もない,15822,19474,2005,形容詞,非自立可能,*,*,形容詞,連体形-一般,ハズモナイ,筈も無い,はずもない
はずはない,15822,19474,2005,形容詞,非自立可能,*,*,形容詞,連体形-一般,ハズハナイ,筈は無い,はずはない
筈はない,15822,19474,2005,形容詞,非自立可能,*,*,形容詞,連体形-一般,ハズハナイ,筈は無い,はずはない
はずのない,15822,19474,2005,形容詞,非自立可能,*,*,形容詞,連体形-一般,ハズノナイ,筈の無い,はずのない
筈のない,15822,19474,2005,形容詞,非自立可能,*,*,形容詞,連体形-一般,ハズノナイ,筈の無い,はずのない
はずがなーい,15822,19475,5528,形容詞,非自立可能,*,*,形容詞,連体形-一般,ハズガナイ,筈が無い,はずがなーい
筈がなーい,15822,19475,5528,形容詞,非自立可能,*,*,形容詞,連体形-一般,ハズガナイ,筈が無い,はずがなーい
はずもなーい,15822,19475,5528,形容詞,非自立可能,*,*,形容詞,連体形-一般,ハズモナイ,筈も無い,はずもなーい
筈もなーい,15822,19475,5528,形容詞,非自立可能,*,*,形容詞,連体形-一般,ハズモナイ,筈も無い,はずもなーい
はずはなーい,15822,19475,5528,形容詞,非自立可能,*,*,形容詞,連体形-一般,ハズハナイ,筈は無い,はずはなーい
筈はなーい,15822,19475,5528,形容詞,非自立可能,*,*,形容詞,連体形-一般,ハズハナイ,筈は無い,はずはなーい
はずのなーい,15822,19475,5528,形容詞,非自立可能,*,*,形容詞,連体形-一般,ハズノナイ,筈の無い,はずのなーい
筈のなーい,15822,19475,5528,形容詞,非自立可能,*,*,形容詞,連体形-一般,ハズノナイ,筈の無い,はずのなーい
はずが無い,15822,19512,3904,形容詞,非自立可能,*,*,形容詞,連体形-一般,ハズガナイ,筈が無い,はずが無い
筈が無い,15822,19512,3904,形容詞,非自立可能,*,*,形容詞,連体形-一般,ハズガナイ,筈が無い,はずが無い
はずも無い,15822,19512,3904,形容詞,非自立可能,*,*,形容詞,連体形-一般,ハズモナイ,筈も無い,はずも無い
筈も無い,15822,19512,3904,形容詞,非自立可能,*,*,形容詞,連体形-一般,ハズモナイ,筈も無い,はずも無い
はずは無い,15822,19512,3904,形容詞,非自立可能,*,*,形容詞,連体形-一般,ハズハナイ,筈は無い,はずは無い
筈は無い,15822,19512,3904,形容詞,非自立可能,*,*,形容詞,連体形-一般,ハズハナイ,筈は無い,はずは無い
はずの無い,15822,19512,3904,形容詞,非自立可能,*,*,形容詞,連体形-一般,ハズノナイ,筈の無い,はずの無い
筈の無い,15822,19512,3904,形容詞,非自立可能,*,*,形容詞,連体形-一般,ハズノナイ,筈の無い,はずの無い
はずが無え,15822,19513,6973,形容詞,非自立可能,*,*,形容詞,連体形-一般,ハズガナイ,筈が無い,はずが無え
筈が無え,15822,19513,6973,形容詞,非自立可能,*,*,形容詞,連体形-一般,ハズガナイ,筈が無い,はずが無え
はずも無え,15822,19513,6973,形容詞,非自立可能,*,*,形容詞,連体形-一般,ハズモナイ,筈も無い,はずも無え
筈も無え,15822,19513,6973,形容詞,非自立可能,*,*,形容詞,連体形-一般,ハズモナイ,筈も無い,はずも無え
はずは無え,15822,19513,6973,形容詞,非自立可能,*,*,形容詞,連体形-一般,ハズハナイ,筈は無い,はずは無え
筈は無え,15822,19513,6973,形容詞,非自立可能,*,*,形容詞,連体形-一般,ハズハナイ,筈は無い,はずは無え
はずの無え,15822,19513,6973,形容詞,非自立可能,*,*,形容詞,連体形-一般,ハズノナイ,筈の無い,はずの無え
筈の無え,15822,19513,6973,形容詞,非自立可能,*,*,形容詞,連体形-一般,ハズノナイ,筈の無い,はずの無え
はずが無う,15822,19535,6312,形容詞,非自立可能,*,*,形容詞,連用形-ウ音便,ハズガナイ,筈が無い,はずが無う
筈が無う,15822,19535,6312,形容詞,非自立可能,*,*,形容詞,連用形-ウ音便,ハズガナイ,筈が無い,はずが無う
はずも無う,15822,19535,6312,形容詞,非自立可能,*,*,形容詞,連用形-ウ音便,ハズモナイ,筈も無い,はずも無う
筈も無う,15822,19535,6312,形容詞,非自立可能,*,*,形容詞,連用形-ウ音便,ハズモナイ,筈も無い,はずも無う
はずは無う,15822,19535,6312,形容詞,非自立可能,*,*,形容詞,連用形-ウ音便,ハズハナイ,筈は無い,はずは無う
筈は無う,15822,19535,6312,形容詞,非自立可能,*,*,形容詞,連用形-ウ音便,ハズハナイ,筈は無い,はずは無う
はずの無う,15822,19535,6312,形容詞,非自立可能,*,*,形容詞,連用形-ウ音便,ハズノナイ,筈の無い,はずの無う
筈の無う,15822,19535,6312,形容詞,非自立可能,*,*,形容詞,連用形-ウ音便,ハズノナイ,筈の無い,はずの無う
はずがな〜く,15822,19539,4553,形容詞,非自立可能,*,*,形容詞,連用形-一般,ハズガナイ,筈が無い,はずがな〜く
筈がな〜く,15822,19539,4553,形容詞,非自立可能,*,*,形容詞,連用形-一般,ハズガナイ,筈が無い,はずがな〜く
はずもな〜く,15822,19539,4553,形容詞,非自立可能,*,*,形容詞,連用形-一般,ハズモナイ,筈も無い,はずもな〜く
筈もな〜く,15822,19539,4553,形容詞,非自立可能,*,*,形容詞,連用形-一般,ハズモナイ,筈も無い,はずもな〜く
はずはな〜く,15822,19539,4553,形容詞,非自立可能,*,*,形容詞,連用形-一般,ハズハナイ,筈は無い,はずはな〜く
筈はな〜く,15822,19539,4553,形容詞,非自立可能,*,*,形容詞,連用形-一般,ハズハナイ,筈は無い,はずはな〜く
はずのな〜く,15822,19539,4553,形容詞,非自立可能,*,*,形容詞,連用形-一般,ハズノナイ,筈の無い,はずのな〜く
筈のな〜く,15822,19539,4553,形容詞,非自立可能,*,*,形容詞,連用形-一般,ハズノナイ,筈の無い,はずのな〜く
はずがなぁく,15822,19540,4631,形容詞,非自立可能,*,*,形容詞,連用形-一般,ハズガナイ,筈が無い,はずがなぁく
筈がなぁく,15822,19540,4631,形容詞,非自立可能,*,*,形容詞,連用形-一般,ハズガナイ,筈が無い,はずがなぁく
はずもなぁく,15822,19540,4631,形容詞,非自立可能,*,*,形容詞,連用形-一般,ハズモナイ,筈も無い,はずもなぁく
筈もなぁく,15822,19540,4631,形容詞,非自立可能,*,*,形容詞,連用形-一般,ハズモナイ,筈も無い,はずもなぁく
はずはなぁく,15822,19540,4631,形容詞,非自立可能,*,*,形容詞,連用形-一般,ハズハナイ,筈は無い,はずはなぁく
筈はなぁく,15822,19540,4631,形容詞,非自立可能,*,*,形容詞,連用形-一般,ハズハナイ,筈は無い,はずはなぁく
はずのなぁく,15822,19540,4631,形容詞,非自立可能,*,*,形容詞,連用形-一般,ハズノナイ,筈の無い,はずのなぁく
筈のなぁく,15822,19540,4631,形容詞,非自立可能,*,*,形容詞,連用形-一般,ハズノナイ,筈の無い,はずのなぁく
はずがなあく,15822,19541,4661,形容詞,非自立可能,*,*,形容詞,連用形-一般,ハズガナイ,筈が無い,はずがなあく
筈がなあく,15822,19541,4661,形容詞,非自立可能,*,*,形容詞,連用形-一般,ハズガナイ,筈が無い,はずがなあく
はずもなあく,15822,19541,4661,形容詞,非自立可能,*,*,形容詞,連用形-一般,ハズモナイ,筈も無い,はずもなあく
筈もなあく,15822,19541,4661,形容詞,非自立可能,*,*,形容詞,連用形-一般,ハズモナイ,筈も無い,はずもなあく
はずはなあく,15822,19541,4661,形容詞,非自立可能,*,*,形容詞,連用形-一般,ハズハナイ,筈は無い,はずはなあく
筈はなあく,15822,19541,4661,形容詞,非自立可能,*,*,形容詞,連用形-一般,ハズハナイ,筈は無い,はずはなあく
はずのなあく,15822,19541,4661,形容詞,非自立可能,*,*,形容詞,連用形-一般,ハズノナイ,筈の無い,はずのなあく
筈のなあく,15822,19541,4661,形容詞,非自立可能,*,*,形容詞,連用形-一般,ハズノナイ,筈の無い,はずのなあく
はずがなく,15822,19542,1898,形容詞,非自立可能,*,*,形容詞,連用形-一般,ハズガナイ,筈が無い,はずがなく
筈がなく,15822,19542,1898,形容詞,非自立可能,*,*,形容詞,連用形-一般,ハズガナイ,筈が無い,はずがなく
はずもなく,15822,19542,1898,形容詞,非自立可能,*,*,形容詞,連用形-一般,ハズモナイ,筈も無い,はずもなく
筈もなく,15822,19542,1898,形容詞,非自立可能,*,*,形容詞,連用形-一般,ハズモナイ,筈も無い,はずもなく
はずはなく,15822,19542,1898,形容詞,非自立可能,*,*,形容詞,連用形-一般,ハズハナイ,筈は無い,はずはなく
筈はなく,15822,19542,1898,形容詞,非自立可能,*,*,形容詞,連用形-一般,ハズハナイ,筈は無い,はずはなく
はずのなく,15822,19542,1898,形容詞,非自立可能,*,*,形容詞,連用形-一般,ハズノナイ,筈の無い,はずのなく
筈のなく,15822,19542,1898,形容詞,非自立可能,*,*,形容詞,連用形-一般,ハズノナイ,筈の無い,はずのなく
はずがなくっ,15822,19543,1827,形容詞,非自立可能,*,*,形容詞,連用形-一般,ハズガナイ,筈が無い,はずがなくっ
筈がなくっ,15822,19543,1827,形容詞,非自立可能,*,*,形容詞,連用形-一般,ハズガナイ,筈が無い,はずがなくっ
はずもなくっ,15822,19543,1827,形容詞,非自立可能,*,*,形容詞,連用形-一般,ハズモナイ,筈も無い,はずもなくっ
筈もなくっ,15822,19543,1827,形容詞,非自立可能,*,*,形容詞,連用形-一般,ハズモナイ,筈も無い,はずもなくっ
はずはなくっ,15822,19543,1827,形容詞,非自立可能,*,*,形容詞,連用形-一般,ハズハナイ,筈は無い,はずはなくっ
筈はなくっ,15822,19543,1827,形容詞,非自立可能,*,*,形容詞,連用形-一般,ハズハナイ,筈は無い,はずはなくっ
はずのなくっ,15822,19543,1827,形容詞,非自立可能,*,*,形容詞,連用形-一般,ハズノナイ,筈の無い,はずのなくっ
筈のなくっ,15822,19543,1827,形容詞,非自立可能,*,*,形容詞,連用形-一般,ハズノナイ,筈の無い,はずのなくっ
はずがなーく,15822,19544,4595,形容詞,非自立可能,*,*,形容詞,連用形-一般,ハズガナイ,筈が無い,はずがなーく
筈がなーく,15822,19544,4595,形容詞,非自立可能,*,*,形容詞,連用形-一般,ハズガナイ,筈が無い,はずがなーく
はずもなーく,15822,19544,4595,形容詞,非自立可能,*,*,形容詞,連用形-一般,ハズモナイ,筈も無い,はずもなーく
筈もなーく,15822,19544,4595,形容詞,非自立可能,*,*,形容詞,連用形-一般,ハズモナイ,筈も無い,はずもなーく
はずはなーく,15822,19544,4595,形容詞,非自立可能,*,*,形容詞,連用形-一般,ハズハナイ,筈は無い,はずはなーく
筈はなーく,15822,19544,4595,形容詞,非自立可能,*,*,形容詞,連用形-一般,ハズハナイ,筈は無い,はずはなーく
はずのなーく,15822,19544,4595,形容詞,非自立可能,*,*,形容詞,連用形-一般,ハズノナイ,筈の無い,はずのなーく
筈のなーく,15822,19544,4595,形容詞,非自立可能,*,*,形容詞,連用形-一般,ハズノナイ,筈の無い,はずのなーく
はずが無く,15822,19561,4323,形容詞,非自立可能,*,*,形容詞,連用形-一般,ハズガナイ,筈が無い,はずが無く
筈が無く,15822,19561,4323,形容詞,非自立可能,*,*,形容詞,連用形-一般,ハズガナイ,筈が無い,はずが無く
はずも無く,15822,19561,4323,形容詞,非自立可能,*,*,形容詞,連用形-一般,ハズモナイ,筈も無い,はずも無く
筈も無く,15822,19561,4323,形容詞,非自立可能,*,*,形容詞,連用形-一般,ハズモナイ,筈も無い,はずも無く
はずは無く,15822,19561,4323,形容詞,非自立可能,*,*,形容詞,連用形-一般,ハズハナイ,筈は無い,はずは無く
筈は無く,15822,19561,4323,形容詞,非自立可能,*,*,形容詞,連用形-一般,ハズハナイ,筈は無い,はずは無く
はずの無く,15822,19561,4323,形容詞,非自立可能,*,*,形容詞,連用形-一般,ハズノナイ,筈の無い,はずの無く
筈の無く,15822,19561,4323,形容詞,非自立可能,*,*,形容詞,連用形-一般,ハズノナイ,筈の無い,はずの無く
はずが無くっ,15822,19562,3886,形容詞,非自立可能,*,*,形容詞,連用形-一般,ハズガナイ,筈が無い,はずが無くっ
筈が無くっ,15822,19562,3886,形容詞,非自立可能,*,*,形容詞,連用形-一般,ハズガナイ,筈が無い,はずが無くっ
はずも無くっ,15822,19562,3886,形容詞,非自立可能,*,*,形容詞,連用形-一般,ハズモナイ,筈も無い,はずも無くっ
筈も無くっ,15822,19562,3886,形容詞,非自立可能,*,*,形容詞,連用形-一般,ハズモナイ,筈も無い,はずも無くっ
はずは無くっ,15822,19562,3886,形容詞,非自立可能,*,*,形容詞,連用形-一般,ハズハナイ,筈は無い,はずは無くっ
筈は無くっ,15822,19562,3886,形容詞,非自立可能,*,*,形容詞,連用形-一般,ハズハナイ,筈は無い,はずは無くっ
はずの無くっ,15822,19562,3886,形容詞,非自立可能,*,*,形容詞,連用形-一般,ハズノナイ,筈の無い,はずの無くっ
筈の無くっ,15822,19562,3886,形容詞,非自立可能,*,*,形容詞,連用形-一般,ハズノナイ,筈の無い,はずの無くっ
はずがな〜かっ,15822,19567,5161,形容詞,非自立可能,*,*,形容詞,連用形-促音便,ハズガナイ,筈が無い,はずがな〜かっ
筈がな〜かっ,15822,19567,5161,形容詞,非自立可能,*,*,形容詞,連用形-促音便,ハズガナイ,筈が無い,はずがな〜かっ
はずもな〜かっ,15822,19567,5161,形容詞,非自立可能,*,*,形容詞,連用形-促音便,ハズモナイ,筈も無い,はずもな〜かっ
筈もな〜かっ,15822,19567,5161,形容詞,非自立可能,*,*,形容詞,連用形-促音便,ハズモナイ,筈も無い,はずもな〜かっ
はずはな〜かっ,15822,19567,5161,形容詞,非自立可能,*,*,形容詞,連用形-促音便,ハズハナイ,筈は無い,はずはな〜かっ
筈はな〜かっ,15822,19567,5161,形容詞,非自立可能,*,*,形容詞,連用形-促音便,ハズハナイ,筈は無い,はずはな〜かっ
はずのな〜かっ,15822,19567,5161,形容詞,非自立可能,*,*,形容詞,連用形-促音便,ハズノナイ,筈の無い,はずのな〜かっ
筈のな〜かっ,15822,19567,5161,形容詞,非自立可能,*,*,形容詞,連用形-促音便,ハズノナイ,筈の無い,はずのな〜かっ
はずがなぁかっ,15822,19568,5239,形容詞,非自立可能,*,*,形容詞,連用形-促音便,ハズガナイ,筈が無い,はずがなぁかっ
筈がなぁかっ,15822,19568,5239,形容詞,非自立可能,*,*,形容詞,連用形-促音便,ハズガナイ,筈が無い,はずがなぁかっ
はずもなぁかっ,15822,19568,5239,形容詞,非自立可能,*,*,形容詞,連用形-促音便,ハズモナイ,筈も無い,はずもなぁかっ
筈もなぁかっ,15822,19568,5239,形容詞,非自立可能,*,*,形容詞,連用形-促音便,ハズモナイ,筈も無い,はずもなぁかっ
はずはなぁかっ,15822,19568,5239,形容詞,非自立可能,*,*,形容詞,連用形-促音便,ハズハナイ,筈は無い,はずはなぁかっ
筈はなぁかっ,15822,19568,5239,形容詞,非自立可能,*,*,形容詞,連用形-促音便,ハズハナイ,筈は無い,はずはなぁかっ
はずのなぁかっ,15822,19568,5239,形容詞,非自立可能,*,*,形容詞,連用形-促音便,ハズノナイ,筈の無い,はずのなぁかっ
筈のなぁかっ,15822,19568,5239,形容詞,非自立可能,*,*,形容詞,連用形-促音便,ハズノナイ,筈の無い,はずのなぁかっ
はずがなあかっ,15822,19569,5268,形容詞,非自立可能,*,*,形容詞,連用形-促音便,ハズガナイ,筈が無い,はずがなあかっ
筈がなあかっ,15822,19569,5268,形容詞,非自立可能,*,*,形容詞,連用形-促音便,ハズガナイ,筈が無い,はずがなあかっ
はずもなあかっ,15822,19569,5268,形容詞,非自立可能,*,*,形容詞,連用形-促音便,ハズモナイ,筈も無い,はずもなあかっ
筈もなあかっ,15822,19569,5268,形容詞,非自立可能,*,*,形容詞,連用形-促音便,ハズモナイ,筈も無い,はずもなあかっ
はずはなあかっ,15822,19569,5268,形容詞,非自立可能,*,*,形容詞,連用形-促音便,ハズハナイ,筈は無い,はずはなあかっ
筈はなあかっ,15822,19569,5268,形容詞,非自立可能,*,*,形容詞,連用形-促音便,ハズハナイ,筈は無い,はずはなあかっ
はずのなあかっ,15822,19569,5268,形容詞,非自立可能,*,*,形容詞,連用形-促音便,ハズノナイ,筈の無い,はずのなあかっ
筈のなあかっ,15822,19569,5268,形容詞,非自立可能,*,*,形容詞,連用形-促音便,ハズノナイ,筈の無い,はずのなあかっ
はずがなかっ,15822,19570,2541,形容詞,非自立可能,*,*,形容詞,連用形-促音便,ハズガナイ,筈が無い,はずがなかっ
筈がなかっ,15822,19570,2541,形容詞,非自立可能,*,*,形容詞,連用形-促音便,ハズガナイ,筈が無い,はずがなかっ
はずもなかっ,15822,19570,2541,形容詞,非自立可能,*,*,形容詞,連用形-促音便,ハズモナイ,筈も無い,はずもなかっ
筈もなかっ,15822,19570,2541,形容詞,非自立可能,*,*,形容詞,連用形-促音便,ハズモナイ,筈も無い,はずもなかっ
はずはなかっ,15822,19570,2541,形容詞,非自立可能,*,*,形容詞,連用形-促音便,ハズハナイ,筈は無い,はずはなかっ
筈はなかっ,15822,19570,2541,形容詞,非自立可能,*,*,形容詞,連用形-促音便,ハズハナイ,筈は無い,はずはなかっ
はずのなかっ,15822,19570,2541,形容詞,非自立可能,*,*,形容詞,連用形-促音便,ハズノナイ,筈の無い,はずのなかっ
筈のなかっ,15822,19570,2541,形容詞,非自立可能,*,*,形容詞,連用形-促音便,ハズノナイ,筈の無い,はずのなかっ
はずがなーかっ,15822,19571,5204,形容詞,非自立可能,*,*,形容詞,連用形-促音便,ハズガナイ,筈が無い,はずがなーかっ
筈がなーかっ,15822,19571,5204,形容詞,非自立可能,*,*,形容詞,連用形-促音便,ハズガナイ,筈が無い,はずがなーかっ
はずもなーかっ,15822,19571,5204,形容詞,非自立可能,*,*,形容詞,連用形-促音便,ハズモナイ,筈も無い,はずもなーかっ
筈もなーかっ,15822,19571,5204,形容詞,非自立可能,*,*,形容詞,連用形-促音便,ハズモナイ,筈も無い,はずもなーかっ
はずはなーかっ,15822,19571,5204,形容詞,非自立可能,*,*,形容詞,連用形-促音便,ハズハナイ,筈は無い,はずはなーかっ
筈はなーかっ,15822,19571,5204,形容詞,非自立可能,*,*,形容詞,連用形-促音便,ハズハナイ,筈は無い,はずはなーかっ
はずのなーかっ,15822,19571,5204,形容詞,非自立可能,*,*,形容詞,連用形-促音便,ハズノナイ,筈の無い,はずのなーかっ
筈のなーかっ,15822,19571,5204,形容詞,非自立可能,*,*,形容詞,連用形-促音便,ハズノナイ,筈の無い,はずのなーかっ
はずが無かっ,15822,19585,4507,形容詞,非自立可能,*,*,形容詞,連用形-促音便,ハズガナイ,筈が無い,はずが無かっ
筈が無かっ,15822,19585,4507,形容詞,非自立可能,*,*,形容詞,連用形-促音便,ハズガナイ,筈が無い,はずが無かっ
はずも無かっ,15822,19585,4507,形容詞,非自立可能,*,*,形容詞,連用形-促音便,ハズモナイ,筈も無い,はずも無かっ
筈も無かっ,15822,19585,4507,形容詞,非自立可能,*,*,形容詞,連用形-促音便,ハズモナイ,筈も無い,はずも無かっ
はずは無かっ,15822,19585,4507,形容詞,非自立可能,*,*,形容詞,連用形-促音便,ハズハナイ,筈は無い,はずは無かっ
筈は無かっ,15822,19585,4507,形容詞,非自立可能,*,*,形容詞,連用形-促音便,ハズハナイ,筈は無い,はずは無かっ
はずの無かっ,15822,19585,4507,形容詞,非自立可能,*,*,形容詞,連用形-促音便,ハズノナイ,筈の無い,はずの無かっ
筈の無かっ,15822,19585,4507,形容詞,非自立可能,*,*,形容詞,連用形-促音便,ハズノナイ,筈の無い,はずの無かっ
はずがなきゃ,15822,19592,3828,形容詞,非自立可能,*,*,形容詞,連用形-融合,ハズガナイ,筈が無い,はずがなきゃ
筈がなきゃ,15822,19592,3828,形容詞,非自立可能,*,*,形容詞,連用形-融合,ハズガナイ,筈が無い,はずがなきゃ
はずもなきゃ,15822,19592,3828,形容詞,非自立可能,*,*,形容詞,連用形-融合,ハズモナイ,筈も無い,はずもなきゃ
筈もなきゃ,15822,19592,3828,形容詞,非自立可能,*,*,形容詞,連用形-融合,ハズモナイ,筈も無い,はずもなきゃ
はずはなきゃ,15822,19592,3828,形容詞,非自立可能,*,*,形容詞,連用形-融合,ハズハナイ,筈は無い,はずはなきゃ
筈はなきゃ,15822,19592,3828,形容詞,非自立可能,*,*,形容詞,連用形-融合,ハズハナイ,筈は無い,はずはなきゃ
はずのなきゃ,15822,19592,3828,形容詞,非自立可能,*,*,形容詞,連用形-融合,ハズノナイ,筈の無い,はずのなきゃ
筈のなきゃ,15822,19592,3828,形容詞,非自立可能,*,*,形容詞,連用形-融合,ハズノナイ,筈の無い,はずのなきゃ
はずがなかれ,15822,19594,3692,形容詞,非自立可能,*,*,文語形容詞-ク,命令形,ハズガナイ,筈が無い,はずがなかれ
筈がなかれ,15822,19594,3692,形容詞,非自立可能,*,*,文語形容詞-ク,命令形,ハズガナイ,筈が無い,はずがなかれ
はずもなかれ,15822,19594,3692,形容詞,非自立可能,*,*,文語形容詞-ク,命令形,ハズモナイ,筈も無い,はずもなかれ
筈もなかれ,15822,19594,3692,形容詞,非自立可能,*,*,文語形容詞-ク,命令形,ハズモナイ,筈も無い,はずもなかれ
はずはなかれ,15822,19594,3692,形容詞,非自立可能,*,*,文語形容詞-ク,命令形,ハズハナイ,筈は無い,はずはなかれ
筈はなかれ,15822,19594,3692,形容詞,非自立可能,*,*,文語形容詞-ク,命令形,ハズハナイ,筈は無い,はずはなかれ
はずのなかれ,15822,19594,3692,形容詞,非自立可能,*,*,文語形容詞-ク,命令形,ハズノナイ,筈の無い,はずのなかれ
筈のなかれ,15822,19594,3692,形容詞,非自立可能,*,*,文語形容詞-ク,命令形,ハズノナイ,筈の無い,はずのなかれ
はずがなけれ,15822,19599,7210,形容詞,非自立可能,*,*,文語形容詞-ク,已然形-一般,ハズガナイ,筈が無い,はずがなけれ
筈がなけれ,15822,19599,7210,形容詞,非自立可能,*,*,文語形容詞-ク,已然形-一般,ハズガナイ,筈が無い,はずがなけれ
はずもなけれ,15822,19599,7210,形容詞,非自立可能,*,*,文語形容詞-ク,已然形-一般,ハズモナイ,筈も無い,はずもなけれ
筈もなけれ,15822,19599,7210,形容詞,非自立可能,*,*,文語形容詞-ク,已然形-一般,ハズモナイ,筈も無い,はずもなけれ
はずはなけれ,15822,19599,7210,形容詞,非自立可能,*,*,文語形容詞-ク,已然形-一般,ハズハナイ,筈は無い,はずはなけれ
筈はなけれ,15822,19599,7210,形容詞,非自立可能,*,*,文語形容詞-ク,已然形-一般,ハズハナイ,筈は無い,はずはなけれ
はずのなけれ,15822,19599,7210,形容詞,非自立可能,*,*,文語形容詞-ク,已然形-一般,ハズノナイ,筈の無い,はずのなけれ
筈のなけれ,15822,19599,7210,形容詞,非自立可能,*,*,文語形容詞-ク,已然形-一般,ハズノナイ,筈の無い,はずのなけれ
はずがなかれ,15822,19604,6206,形容詞,非自立可能,*,*,文語形容詞-ク,已然形-補助,ハズガナイ,筈が無い,はずがなかれ
筈がなかれ,15822,19604,6206,形容詞,非自立可能,*,*,文語形容詞-ク,已然形-補助,ハズガナイ,筈が無い,はずがなかれ
はずもなかれ,15822,19604,6206,形容詞,非自立可能,*,*,文語形容詞-ク,已然形-補助,ハズモナイ,筈も無い,はずもなかれ
筈もなかれ,15822,19604,6206,形容詞,非自立可能,*,*,文語形容詞-ク,已然形-補助,ハズモナイ,筈も無い,はずもなかれ
はずはなかれ,15822,19604,6206,形容詞,非自立可能,*,*,文語形容詞-ク,已然形-補助,ハズハナイ,筈は無い,はずはなかれ
筈はなかれ,15822,19604,6206,形容詞,非自立可能,*,*,文語形容詞-ク,已然形-補助,ハズハナイ,筈は無い,はずはなかれ
はずのなかれ,15822,19604,6206,形容詞,非自立可能,*,*,文語形容詞-ク,已然形-補助,ハズノナイ,筈の無い,はずのなかれ
筈のなかれ,15822,19604,6206,形容詞,非自立可能,*,*,文語形容詞-ク,已然形-補助,ハズノナイ,筈の無い,はずのなかれ
はずがなからう,15822,19609,6113,形容詞,非自立可能,*,*,文語形容詞-ク,意志推量形,ハズガナイ,筈が無い,はずがなからう
筈がなからう,15822,19609,6113,形容詞,非自立可能,*,*,文語形容詞-ク,意志推量形,ハズガナイ,筈が無い,はずがなからう
はずもなからう,15822,19609,6113,形容詞,非自立可能,*,*,文語形容詞-ク,意志推量形,ハズモナイ,筈も無い,はずもなからう
筈もなからう,15822,19609,6113,形容詞,非自立可能,*,*,文語形容詞-ク,意志推量形,ハズモナイ,筈も無い,はずもなからう
はずはなからう,15822,19609,6113,形容詞,非自立可能,*,*,文語形容詞-ク,意志推量形,ハズハナイ,筈は無い,はずはなからう
筈はなからう,15822,19609,6113,形容詞,非自立可能,*,*,文語形容詞-ク,意志推量形,ハズハナイ,筈は無い,はずはなからう
はずのなからう,15822,19609,6113,形容詞,非自立可能,*,*,文語形容詞-ク,意志推量形,ハズノナイ,筈の無い,はずのなからう
筈のなからう,15822,19609,6113,形容詞,非自立可能,*,*,文語形容詞-ク,意志推量形,ハズノナイ,筈の無い,はずのなからう
はずがなからふ,15822,19610,6113,形容詞,非自立可能,*,*,文語形容詞-ク,意志推量形,ハズガナイ,筈が無い,はずがなからふ
筈がなからふ,15822,19610,6113,形容詞,非自立可能,*,*,文語形容詞-ク,意志推量形,ハズガナイ,筈が無い,はずがなからふ
はずもなからふ,15822,19610,6113,形容詞,非自立可能,*,*,文語形容詞-ク,意志推量形,ハズモナイ,筈も無い,はずもなからふ
筈もなからふ,15822,19610,6113,形容詞,非自立可能,*,*,文語形容詞-ク,意志推量形,ハズモナイ,筈も無い,はずもなからふ
はずはなからふ,15822,19610,6113,形容詞,非自立可能,*,*,文語形容詞-ク,意志推量形,ハズハナイ,筈は無い,はずはなからふ
筈はなからふ,15822,19610,6113,形容詞,非自立可能,*,*,文語形容詞-ク,意志推量形,ハズハナイ,筈は無い,はずはなからふ
はずのなからふ,15822,19610,6113,形容詞,非自立可能,*,*,文語形容詞-ク,意志推量形,ハズノナイ,筈の無い,はずのなからふ
筈のなからふ,15822,19610,6113,形容詞,非自立可能,*,*,文語形容詞-ク,意志推量形,ハズノナイ,筈の無い,はずのなからふ
はずがなく,15822,19619,8070,形容詞,非自立可能,*,*,文語形容詞-ク,未然形-一般,ハズガナイ,筈が無い,はずがなく
筈がなく,15822,19619,8070,形容詞,非自立可能,*,*,文語形容詞-ク,未然形-一般,ハズガナイ,筈が無い,はずがなく
はずもなく,15822,19619,8070,形容詞,非自立可能,*,*,文語形容詞-ク,未然形-一般,ハズモナイ,筈も無い,はずもなく
筈もなく,15822,19619,8070,形容詞,非自立可能,*,*,文語形容詞-ク,未然形-一般,ハズモナイ,筈も無い,はずもなく
はずはなく,15822,19619,8070,形容詞,非自立可能,*,*,文語形容詞-ク,未然形-一般,ハズハナイ,筈は無い,はずはなく
筈はなく,15822,19619,8070,形容詞,非自立可能,*,*,文語形容詞-ク,未然形-一般,ハズハナイ,筈は無い,はずはなく
はずのなく,15822,19619,8070,形容詞,非自立可能,*,*,文語形容詞-ク,未然形-一般,ハズノナイ,筈の無い,はずのなく
筈のなく,15822,19619,8070,形容詞,非自立可能,*,*,文語形容詞-ク,未然形-一般,ハズノナイ,筈の無い,はずのなく
はずがなから,15822,19624,6905,形容詞,非自立可能,*,*,文語形容詞-ク,未然形-補助,ハズガナイ,筈が無い,はずがなから
筈がなから,15822,19624,6905,形容詞,非自立可能,*,*,文語形容詞-ク,未然形-補助,ハズガナイ,筈が無い,はずがなから
はずもなから,15822,19624,6905,形容詞,非自立可能,*,*,文語形容詞-ク,未然形-補助,ハズモナイ,筈も無い,はずもなから
筈もなから,15822,19624,6905,形容詞,非自立可能,*,*,文語形容詞-ク,未然形-補助,ハズモナイ,筈も無い,はずもなから
はずはなから,15822,19624,6905,形容詞,非自立可能,*,*,文語形容詞-ク,未然形-補助,ハズハナイ,筈は無い,はずはなから
筈はなから,15822,19624,6905,形容詞,非自立可能,*,*,文語形容詞-ク,未然形-補助,ハズハナイ,筈は無い,はずはなから
はずのなから,15822,19624,6905,形容詞,非自立可能,*,*,文語形容詞-ク,未然形-補助,ハズノナイ,筈の無い,はずのなから
筈のなから,15822,19624,6905,形容詞,非自立可能,*,*,文語形容詞-ク,未然形-補助,ハズノナイ,筈の無い,はずのなから
はずがなし,15822,19629,5906,形容詞,非自立可能,*,*,文語形容詞-ク,終止形-一般,ハズガナイ,筈が無い,はずがなし
筈がなし,15822,19629,5906,形容詞,非自立可能,*,*,文語形容詞-ク,終止形-一般,ハズガナイ,筈が無い,はずがなし
はずもなし,15822,19629,5906,形容詞,非自立可能,*,*,文語形容詞-ク,終止形-一般,ハズモナイ,筈も無い,はずもなし
筈もなし,15822,19629,5906,形容詞,非自立可能,*,*,文語形容詞-ク,終止形-一般,ハズモナイ,筈も無い,はずもなし
はずはなし,15822,19629,5906,形容詞,非自立可能,*,*,文語形容詞-ク,終止形-一般,ハズハナイ,筈は無い,はずはなし
筈はなし,15822,19629,5906,形容詞,非自立可能,*,*,文語形容詞-ク,終止形-一般,ハズハナイ,筈は無い,はずはなし
はずのなし,15822,19629,5906,形容詞,非自立可能,*,*,文語形容詞-ク,終止形-一般,ハズノナイ,筈の無い,はずのなし
筈のなし,15822,19629,5906,形容詞,非自立可能,*,*,文語形容詞-ク,終止形-一般,ハズノナイ,筈の無い,はずのなし
はずがな,15822,19634,9310,形容詞,非自立可能,*,*,文語形容詞-ク,語幹-一般,ハズガナイ,筈が無い,はずがな
筈がな,15822,19634,9310,形容詞,非自立可能,*,*,文語形容詞-ク,語幹-一般,ハズガナイ,筈が無い,はずがな
はずもな,15822,19634,9310,形容詞,非自立可能,*,*,文語形容詞-ク,語幹-一般,ハズモナイ,筈も無い,はずもな
筈もな,15822,19634,9310,形容詞,非自立可能,*,*,文語形容詞-ク,語幹-一般,ハズモナイ,筈も無い,はずもな
はずはな,15822,19634,9310,形容詞,非自立可能,*,*,文語形容詞-ク,語幹-一般,ハズハナイ,筈は無い,はずはな
筈はな,15822,19634,9310,形容詞,非自立可能,*,*,文語形容詞-ク,語幹-一般,ハズハナイ,筈は無い,はずはな
はずのな,15822,19634,9310,形容詞,非自立可能,*,*,文語形容詞-ク,語幹-一般,ハズノナイ,筈の無い,はずのな
筈のな,15822,19634,9310,形容詞,非自立可能,*,*,文語形容詞-ク,語幹-一般,ハズノナイ,筈の無い,はずのな
はずがない,15822,19639,6755,形容詞,非自立可能,*,*,文語形容詞-ク,連体形-イ音便,ハズガナイ,筈が無い,はずがない
筈がない,15822,19639,6755,形容詞,非自立可能,*,*,文語形容詞-ク,連体形-イ音便,ハズガナイ,筈が無い,はずがない
はずもない,15822,19639,6755,形容詞,非自立可能,*,*,文語形容詞-ク,連体形-イ音便,ハズモナイ,筈も無い,はずもない
筈もない,15822,19639,6755,形容詞,非自立可能,*,*,文語形容詞-ク,連体形-イ音便,ハズモナイ,筈も無い,はずもない
はずはない,15822,19639,6755,形容詞,非自立可能,*,*,文語形容詞-ク,連体形-イ音便,ハズハナイ,筈は無い,はずはない
筈はない,15822,19639,6755,形容詞,非自立可能,*,*,文語形容詞-ク,連体形-イ音便,ハズハナイ,筈は無い,はずはない
はずのない,15822,19639,6755,形容詞,非自立可能,*,*,文語形容詞-ク,連体形-イ音便,ハズノナイ,筈の無い,はずのない
筈のない,15822,19639,6755,形容詞,非自立可能,*,*,文語形容詞-ク,連体形-イ音便,ハズノナイ,筈の無い,はずのない
はずがなき,15822,19644,6738,形容詞,非自立可能,*,*,文語形容詞-ク,連体形-一般,ハズガナイ,筈が無い,はずがなき
筈がなき,15822,19644,6738,形容詞,非自立可能,*,*,文語形容詞-ク,連体形-一般,ハズガナイ,筈が無い,はずがなき
はずもなき,15822,19644,6738,形容詞,非自立可能,*,*,文語形容詞-ク,連体形-一般,ハズモナイ,筈も無い,はずもなき
筈もなき,15822,19644,6738,形容詞,非自立可能,*,*,文語形容詞-ク,連体形-一般,ハズモナイ,筈も無い,はずもなき
はずはなき,15822,19644,6738,形容詞,非自立可能,*,*,文語形容詞-ク,連体形-一般,ハズハナイ,筈は無い,はずはなき
筈はなき,15822,19644,6738,形容詞,非自立可能,*,*,文語形容詞-ク,連体形-一般,ハズハナイ,筈は無い,はずはなき
はずのなき,15822,19644,6738,形容詞,非自立可能,*,*,文語形容詞-ク,連体形-一般,ハズノナイ,筈の無い,はずのなき
筈のなき,15822,19644,6738,形容詞,非自立可能,*,*,文語形容詞-ク,連体形-一般,ハズノナイ,筈の無い,はずのなき
はずがなか,15822,19652,7512,形容詞,非自立可能,*,*,文語形容詞-ク,連体形-撥音便,ハズガナイ,筈が無い,はずがなか
筈がなか,15822,19652,7512,形容詞,非自立可能,*,*,文語形容詞-ク,連体形-撥音便,ハズガナイ,筈が無い,はずがなか
はずもなか,15822,19652,7512,形容詞,非自立可能,*,*,文語形容詞-ク,連体形-撥音便,ハズモナイ,筈も無い,はずもなか
筈もなか,15822,19652,7512,形容詞,非自立可能,*,*,文語形容詞-ク,連体形-撥音便,ハズモナイ,筈も無い,はずもなか
はずはなか,15822,19652,7512,形容詞,非自立可能,*,*,文語形容詞-ク,連体形-撥音便,ハズハナイ,筈は無い,はずはなか
筈はなか,15822,19652,7512,形容詞,非自立可能,*,*,文語形容詞-ク,連体形-撥音便,ハズハナイ,筈は無い,はずはなか
はずのなか,15822,19652,7512,形容詞,非自立可能,*,*,文語形容詞-ク,連体形-撥音便,ハズノナイ,筈の無い,はずのなか
筈のなか,15822,19652,7512,形容詞,非自立可能,*,*,文語形容詞-ク,連体形-撥音便,ハズノナイ,筈の無い,はずのなか
はずがなかる,15822,19657,6920,形容詞,非自立可能,*,*,文語形容詞-ク,連体形-補助,ハズガナイ,筈が無い,はずがなかる
筈がなかる,15822,19657,6920,形容詞,非自立可能,*,*,文語形容詞-ク,連体形-補助,ハズガナイ,筈が無い,はずがなかる
はずもなかる,15822,19657,6920,形容詞,非自立可能,*,*,文語形容詞-ク,連体形-補助,ハズモナイ,筈も無い,はずもなかる
筈もなかる,15822,19657,6920,形容詞,非自立可能,*,*,文語形容詞-ク,連体形-補助,ハズモナイ,筈も無い,はずもなかる
はずはなかる,15822,19657,6920,形容詞,非自立可能,*,*,文語形容詞-ク,連体形-補助,ハズハナイ,筈は無い,はずはなかる
筈はなかる,15822,19657,6920,形容詞,非自立可能,*,*,文語形容詞-ク,連体形-補助,ハズハナイ,筈は無い,はずはなかる
はずのなかる,15822,19657,6920,形容詞,非自立可能,*,*,文語形容詞-ク,連体形-補助,ハズノナイ,筈の無い,はずのなかる
筈のなかる,15822,19657,6920,形容詞,非自立可能,*,*,文語形容詞-ク,連体形-補助,ハズノナイ,筈の無い,はずのなかる
はずがなう,15822,19662,7199,形容詞,非自立可能,*,*,文語形容詞-ク,連用形-ウ音便,ハズガナイ,筈が無い,はずがなう
筈がなう,15822,19662,7199,形容詞,非自立可能,*,*,文語形容詞-ク,連用形-ウ音便,ハズガナイ,筈が無い,はずがなう
はずもなう,15822,19662,7199,形容詞,非自立可能,*,*,文語形容詞-ク,連用形-ウ音便,ハズモナイ,筈も無い,はずもなう
筈もなう,15822,19662,7199,形容詞,非自立可能,*,*,文語形容詞-ク,連用形-ウ音便,ハズモナイ,筈も無い,はずもなう
はずはなう,15822,19662,7199,形容詞,非自立可能,*,*,文語形容詞-ク,連用形-ウ音便,ハズハナイ,筈は無い,はずはなう
筈はなう,15822,19662,7199,形容詞,非自立可能,*,*,文語形容詞-ク,連用形-ウ音便,ハズハナイ,筈は無い,はずはなう
はずのなう,15822,19662,7199,形容詞,非自立可能,*,*,文語形容詞-ク,連用形-ウ音便,ハズノナイ,筈の無い,はずのなう
筈のなう,15822,19662,7199,形容詞,非自立可能,*,*,文語形容詞-ク,連用形-ウ音便,ハズノナイ,筈の無い,はずのなう
はずがなふ,15822,19663,7197,形容詞,非自立可能,*,*,文語形容詞-ク,連用形-ウ音便,ハズガナイ,筈が無い,はずがなふ
筈がなふ,15822,19663,7197,形容詞,非自立可能,*,*,文語形容詞-ク,連用形-ウ音便,ハズガナイ,筈が無い,はずがなふ
はずもなふ,15822,19663,7197,形容詞,非自立可能,*,*,文語形容詞-ク,連用形-ウ音便,ハズモナイ,筈も無い,はずもなふ
筈もなふ,15822,19663,7197,形容詞,非自立可能,*,*,文語形容詞-ク,連用形-ウ音便,ハズモナイ,筈も無い,はずもなふ
はずはなふ,15822,19663,7197,形容詞,非自立可能,*,*,文語形容詞-ク,連用形-ウ音便,ハズハナイ,筈は無い,はずはなふ
筈はなふ,15822,19663,7197,形容詞,非自立可能,*,*,文語形容詞-ク,連用形-ウ音便,ハズハナイ,筈は無い,はずはなふ
はずのなふ,15822,19663,7197,形容詞,非自立可能,*,*,文語形容詞-ク,連用形-ウ音便,ハズノナイ,筈の無い,はずのなふ
筈のなふ,15822,19663,7197,形容詞,非自立可能,*,*,文語形容詞-ク,連用形-ウ音便,ハズノナイ,筈の無い,はずのなふ
はずがなく,15822,19672,7608,形容詞,非自立可能,*,*,文語形容詞-ク,連用形-一般,ハズガナイ,筈が無い,はずがなく
筈がなく,15822,19672,7608,形容詞,非自立可能,*,*,文語形容詞-ク,連用形-一般,ハズガナイ,筈が無い,はずがなく
はずもなく,15822,19672,7608,形容詞,非自立可能,*,*,文語形容詞-ク,連用形-一般,ハズモナイ,筈も無い,はずもなく
筈もなく,15822,19672,7608,形容詞,非自立可能,*,*,文語形容詞-ク,連用形-一般,ハズモナイ,筈も無い,はずもなく
はずはなく,15822,19672,7608,形容詞,非自立可能,*,*,文語形容詞-ク,連用形-一般,ハズハナイ,筈は無い,はずはなく
筈はなく,15822,19672,7608,形容詞,非自立可能,*,*,文語形容詞-ク,連用形-一般,ハズハナイ,筈は無い,はずはなく
はずのなく,15822,19672,7608,形容詞,非自立可能,*,*,文語形容詞-ク,連用形-一般,ハズノナイ,筈の無い,はずのなく
筈のなく,15822,19672,7608,形容詞,非自立可能,*,*,文語形容詞-ク,連用形-一般,ハズノナイ,筈の無い,はずのなく
はずがなかり,15822,19677,6920,形容詞,非自立可能,*,*,文語形容詞-ク,連用形-補助,ハズガナイ,筈が無い,はずがなかり
筈がなかり,15822,19677,6920,形容詞,非自立可能,*,*,文語形容詞-ク,連用形-補助,ハズガナイ,筈が無い,はずがなかり
はずもなかり,15822,19677,6920,形容詞,非自立可能,*,*,文語形容詞-ク,連用形-補助,ハズモナイ,筈も無い,はずもなかり
筈もなかり,15822,19677,6920,形容詞,非自立可能,*,*,文語形容詞-ク,連用形-補助,ハズモナイ,筈も無い,はずもなかり
はずはなかり,15822,19677,6920,形容詞,非自立可能,*,*,文語形容詞-ク,連用形-補助,ハズハナイ,筈は無い,はずはなかり
筈はなかり,15822,19677,6920,形容詞,非自立可能,*,*,文語形容詞-ク,連用形-補助,ハズハナイ,筈は無い,はずはなかり
はずのなかり,15822,19677,6920,形容詞,非自立可能,*,*,文語形容詞-ク,連用形-補助,ハズノナイ,筈の無い,はずのなかり
筈のなかり,15822,19677,6920,形容詞,非自立可能,*,*,文語形容詞-ク,連用形-補助,ハズノナイ,筈の無い,はずのなかり
かもしれなけれ,912,603,5748,助動詞,*,*,*,助動詞-ナイ,仮定形-一般,カモシレナイ,かもしれない,かもしれなけれ
かもしれなきゃ,912,604,4233,助動詞,*,*,*,助動詞-ナイ,仮定形-融合,カモシレナイ,かもしれない,かもしれなきゃ
かもしれなきゃあ,912,605,6177,助動詞,*,*,*,助動詞-ナイ,仮定形-融合,カモシレナイ,かもしれない,かもしれなきゃあ
かもしれなけりゃ,912,606,5990,助動詞,*,*,*,助動詞-ナイ,仮定形-融合,カモシレナイ,かもしれない,かもしれなけりゃ
かもしれなけりや,912,607,5990,助動詞,*,*,*,助動詞-ナイ,仮定形-融合,カモシレナイ,かもしれない,かもしれなけりや
かもしれなからふ,912,608,5782,助動詞,*,*,*,助動詞-ナイ,意志推量形,カモシレナイ,かもしれない,かもしれなからふ
かもしれなかろ,912,609,6863,助動詞,*,*,*,助動詞-ナイ,意志推量形,カモシレナイ,かもしれない,かもしれなかろ
かもしれなかろう,912,610,5896,助動詞,*,*,*,助動詞-ナイ,意志推量形,カモシレナイ,かもしれない,かもしれなかろう
かもしれなかろっ,912,611,5641,助動詞,*,*,*,助動詞-ナイ,意志推量形,カモシレナイ,かもしれない,かもしれなかろっ
かもしれなかろふ,912,612,5782,助動詞,*,*,*,助動詞-ナイ,意志推量形,カモシレナイ,かもしれない,かもしれなかろふ
かもしれんかろう,912,613,6292,助動詞,*,*,*,助動詞-ナイ,意志推量形,カモシレナイ,かもしれない,かもしれんかろう
かもしれなから,912,614,6298,助動詞,*,*,*,助動詞-ナイ,未然形-一般,カモシレナイ,かもしれない,かもしれなから
かもしれな〜い,912,615,6465,助動詞,*,*,*,助動詞-ナイ,終止形-一般,カモシレナイ,かもしれない,かもしれな〜い
かもしれなぁい,912,616,6462,助動詞,*,*,*,助動詞-ナイ,終止形-一般,カモシレナイ,かもしれない,かもしれなぁい
かもしれなあ〜い,912,617,6462,助動詞,*,*,*,助動詞-ナイ,終止形-一般,カモシレナイ,かもしれない,かもしれなあ〜い
かもしれない,912,618,4710,助動詞,*,*,*,助動詞-ナイ,終止形-一般,カモシレナイ,かもしれない,かもしれない
かもしれないー,912,619,5719,助動詞,*,*,*,助動詞-ナイ,終止形-一般,カモシレナイ,かもしれない,かもしれないー
かもしれなし,912,620,8237,助動詞,*,*,*,助動詞-ナイ,終止形-一般,カモシレナイ,かもしれない,かもしれなし
かもしれなーい,912,621,6459,助動詞,*,*,*,助動詞-ナイ,終止形-一般,カモシレナイ,かもしれない,かもしれなーい
かもしれなーーーーい,912,622,6462,助動詞,*,*,*,助動詞-ナイ,終止形-一般,カモシレナイ,かもしれない,かもしれなーーーーい
かもしれね,912,623,7591,助動詞,*,*,*,助動詞-ナイ,終止形-一般,カモシレナイ,かもしれない,かもしれね
かもしれね〜,912,624,6414,助動詞,*,*,*,助動詞-ナイ,終止形-一般,カモシレナイ,かもしれない,かもしれね〜
かもしれねぇ,912,625,5550,助動詞,*,*,*,助動詞-ナイ,終止形-一般,カモシレナイ,かもしれない,かもしれねぇ
かもしれねえ,912,626,5927,助動詞,*,*,*,助動詞-ナイ,終止形-一般,カモシレナイ,かもしれない,かもしれねえ
かもしれねへ,912,627,6292,助動詞,*,*,*,助動詞-ナイ,終止形-一般,カモシレナイ,かもしれない,かもしれねへ
かもしれねェ,912,628,6291,助動詞,*,*,*,助動詞-ナイ,終止形-一般,カモシレナイ,かもしれない,かもしれねェ
かもしれねー,912,629,6265,助動詞,*,*,*,助動詞-ナイ,終止形-一般,カモシレナイ,かもしれない,かもしれねー
かもしれな,912,631,7529,助動詞,*,*,*,助動詞-ナイ,語幹-一般,カモシレナイ,かもしれない,かもしれな
かもしれな」い,912,632,5456,助動詞,*,*,*,助動詞-ナイ,連体形-一般,カモシレナイ,かもしれない,かもしれな」い
かもしれない,912,633,4570,助動詞,*,*,*,助動詞-ナイ,連体形-一般,カモシレナイ,かもしれない,かもしれない
かもしれね〜,912,634,6170,助動詞,*,*,*,助動詞-ナイ,連体形-一般,カモシレナイ,かもしれない,かもしれね〜
かもしれねぇ,912,635,4668,助動詞,*,*,*,助動詞-ナイ,連体形-一般,カモシレナイ,かもしれない,かもしれねぇ
かもしれねぇー,912,636,7271,助動詞,*,*,*,助動詞-ナイ,連体形-一般,カモシレナイ,かもしれない,かもしれねぇー
かもしれねえ,912,637,6046,助動詞,*,*,*,助動詞-ナイ,連体形-一般,カモシレナイ,かもしれない,かもしれねえ
かもしれねへ,912,638,6069,助動詞,*,*,*,助動詞-ナイ,連体形-一般,カモシレナイ,かもしれない,かもしれねへ
かもしれねェ,912,639,6069,助動詞,*,*,*,助動詞-ナイ,連体形-一般,カモシレナイ,かもしれない,かもしれねェ
かもしれねー,912,640,6049,助動詞,*,*,*,助動詞-ナイ,連体形-一般,カモシレナイ,かもしれない,かもしれねー
かもしれなく,912,642,6460,助動詞,*,*,*,助動詞-ナイ,連用形-一般,カモシレナイ,かもしれない,かもしれなく
かもしれなくっ,912,643,6001,助動詞,*,*,*,助動詞-ナイ,連用形-一般,カモシレナイ,かもしれない,かもしれなくっ
かもしれねく,912,644,6184,助動詞,*,*,*,助動詞-ナイ,連用形-一般,カモシレナイ,かもしれない,かもしれねく
かもしれなかっ,912,646,6015,助動詞,*,*,*,助動詞-ナイ,連用形-促音便,カモシレナイ,かもしれない,かもしれなかっ
かもしれんかっ,912,647,6228,助動詞,*,*,*,助動詞-ナイ,連用形-促音便,カモシレナイ,かもしれない,かもしれんかっ
かもしれなけれ,912,603,5748,助動詞,*,*,*,助動詞-ナイ,仮定形-一般,カモシレナイ,かもしれない,かもしれなけれ
なければならなけれ,601,603,5748,助動詞,*,*,*,助動詞-ナイ,仮定形-一般,ナケレバナラナイ,なければならない,なければならなけれ
なきゃならなけれ,601,603,5748,助動詞,*,*,*,助動詞-ナイ,仮定形-一般,ナキャナラナイ,なきゃならない,なきゃならなけれ
なければいけなけれ,601,603,5748,助動詞,*,*,*,助動詞-ナイ,仮定形-一般,ナケレバイケナイ,なければいけない,なければいけなけれ
なきゃいけなけれ,601,603,5748,助動詞,*,*,*,助動詞-ナイ,仮定形-一般,ナキャイケナイ,なきゃいけない,なきゃいけなけれ
かもしれなきゃ,912,604,4233,助動詞,*,*,*,助動詞-ナイ,仮定形-融合,カモシレナイ,かもしれない,かもしれなきゃ
なければならなきゃ,602,604,4233,助動詞,*,*,*,助動詞-ナイ,仮定形-融合,ナケレバナラナイ,なければならない,なければならなきゃ
なきゃならなきゃ,602,604,4233,助動詞,*,*,*,助動詞-ナイ,仮定形-融合,ナキャナラナイ,なきゃならない,なきゃならなきゃ
なければいけなきゃ,602,604,4233,助動詞,*,*,*,助動詞-ナイ,仮定形-融合,ナケレバイケナイ,なければいけない,なければいけなきゃ
なきゃいけなきゃ,602,604,4233,助動詞,*,*,*,助動詞-ナイ,仮定形-融合,ナキャイケナイ,なきゃいけない,なきゃいけなきゃ
かもしれなきゃあ,912,605,6177,助動詞,*,*,*,助動詞-ナイ,仮定形-融合,カモシレナイ,かもしれない,かもしれなきゃあ
なければならなきゃあ,603,605,6177,助動詞,*,*,*,助動詞-ナイ,仮定形-融合,ナケレバナラナイ,なければならない,なければならなきゃあ
なきゃならなきゃあ,603,605,6177,助動詞,*,*,*,助動詞-ナイ,仮定形-融合,ナキャナラナイ,なきゃならない,なきゃならなきゃあ
なければいけなきゃあ,603,605,6177,助動詞,*,*,*,助動詞-ナイ,仮定形-融合,ナケレバイケナイ,なければいけない,なければいけなきゃあ
なきゃいけなきゃあ,603,605,6177,助動詞,*,*,*,助動詞-ナイ,仮定形-融合,ナキャイケナイ,なきゃいけない,なきゃいけなきゃあ
かもしれなけりゃ,912,606,5990,助動詞,*,*,*,助動詞-ナイ,仮定形-融合,カモシレナイ,かもしれない,かもしれなけりゃ
なければならなけりゃ,604,606,5990,助動詞,*,*,*,助動詞-ナイ,仮定形-融合,ナケレバナラナイ,なければならない,なければならなけりゃ
なきゃならなけりゃ,604,606,5990,助動詞,*,*,*,助動詞-ナイ,仮定形-融合,ナキャナラナイ,なきゃならない,なきゃならなけりゃ
なければいけなけりゃ,604,606,5990,助動詞,*,*,*,助動詞-ナイ,仮定形-融合,ナケレバイケナイ,なければいけない,なければいけなけりゃ
なきゃいけなけりゃ,604,606,5990,助動詞,*,*,*,助動詞-ナイ,仮定形-融合,ナキャイケナイ,なきゃいけない,なきゃいけなけりゃ
かもしれなけりや,912,607,5990,助動詞,*,*,*,助動詞-ナイ,仮定形-融合,カモシレナイ,かもしれない,かもしれなけりや
なければならなけりや,605,607,5990,助動詞,*,*,*,助動詞-ナイ,仮定形-融合,ナケレバナラナイ,なければならない,なければならなけりや
なきゃならなけりや,605,607,5990,助動詞,*,*,*,助動詞-ナイ,仮定形-融合,ナキャナラナイ,なきゃならない,なきゃならなけりや
なければいけなけりや,605,607,5990,助動詞,*,*,*,助動詞-ナイ,仮定形-融合,ナケレバイケナイ,なければいけない,なければいけなけりや
なきゃいけなけりや,605,607,5990,助動詞,*,*,*,助動詞-ナイ,仮定形-融合,ナキャイケナイ,なきゃいけない,なきゃいけなけりや
かもしれなからふ,912,608,5782,助動詞,*,*,*,助動詞-ナイ,意志推量形,カモシレナイ,かもしれない,かもしれなからふ
なければならなからふ,606,608,5782,助動詞,*,*,*,助動詞-ナイ,意志推量形,ナケレバナラナイ,なければならない,なければならなからふ
なきゃならなからふ,606,608,5782,助動詞,*,*,*,助動詞-ナイ,意志推量形,ナキャナラナイ,なきゃならない,なきゃならなからふ
なければいけなからふ,606,608,5782,助動詞,*,*,*,助動詞-ナイ,意志推量形,ナケレバイケナイ,なければいけない,なければいけなからふ
なきゃいけなからふ,606,608,5782,助動詞,*,*,*,助動詞-ナイ,意志推量形,ナキャイケナイ,なきゃいけない,なきゃいけなからふ
かもしれなかろ,912,609,6863,助動詞,*,*,*,助動詞-ナイ,意志推量形,カモシレナイ,かもしれない,かもしれなかろ
なければならなかろ,607,609,6863,助動詞,*,*,*,助動詞-ナイ,意志推量形,ナケレバナラナイ,なければならない,なければならなかろ
なきゃならなかろ,607,609,6863,助動詞,*,*,*,助動詞-ナイ,意志推量形,ナキャナラナイ,なきゃならない,なきゃならなかろ
なければいけなかろ,607,609,6863,助動詞,*,*,*,助動詞-ナイ,意志推量形,ナケレバイケナイ,なければいけない,なければいけなかろ
なきゃいけなかろ,607,609,6863,助動詞,*,*,*,助動詞-ナイ,意志推量形,ナキャイケナイ,なきゃいけない,なきゃいけなかろ
かもしれなかろう,912,610,5896,助動詞,*,*,*,助動詞-ナイ,意志推量形,カモシレナイ,かもしれない,かもしれなかろう
なければならなかろう,608,610,5896,助動詞,*,*,*,助動詞-ナイ,意志推量形,ナケレバナラナイ,なければならない,なければならなかろう
なきゃならなかろう,608,610,5896,助動詞,*,*,*,助動詞-ナイ,意志推量形,ナキャナラナイ,なきゃならない,なきゃならなかろう
なければいけなかろう,608,610,5896,助動詞,*,*,*,助動詞-ナイ,意志推量形,ナケレバイケナイ,なければいけない,なければいけなかろう
なきゃいけなかろう,608,610,5896,助動詞,*,*,*,助動詞-ナイ,意志推量形,ナキャイケナイ,なきゃいけない,なきゃいけなかろう
かもしれなかろっ,912,611,5641,助動詞,*,*,*,助動詞-ナイ,意志推量形,カモシレナイ,かもしれない,かもしれなかろっ
なければならなかろっ,609,611,5641,助動詞,*,*,*,助動詞-ナイ,意志推量形,ナケレバナラナイ,なければならない,なければならなかろっ
なきゃならなかろっ,609,611,5641,助動詞,*,*,*,助動詞-ナイ,意志推量形,ナキャナラナイ,なきゃならない,なきゃならなかろっ
なければいけなかろっ,609,611,5641,助動詞,*,*,*,助動詞-ナイ,意志推量形,ナケレバイケナイ,なければいけない,なければいけなかろっ
なきゃいけなかろっ,609,611,5641,助動詞,*,*,*,助動詞-ナイ,意志推量形,ナキャイケナイ,なきゃいけない,なきゃいけなかろっ
かもしれなかろふ,912,612,5782,助動詞,*,*,*,助動詞-ナイ,意志推量形,カモシレナイ,かもしれない,かもしれなかろふ
なければならなかろふ,610,612,5782,助動詞,*,*,*,助動詞-ナイ,意志推量形,ナケレバナラナイ,なければならない,なければならなかろふ
なきゃならなかろふ,610,612,5782,助動詞,*,*,*,助動詞-ナイ,意志推量形,ナキャナラナイ,なきゃならない,なきゃならなかろふ
なければいけなかろふ,610,612,5782,助動詞,*,*,*,助動詞-ナイ,意志推量形,ナケレバイケナイ,なければいけない,なければいけなかろふ
なきゃいけなかろふ,610,612,5782,助動詞,*,*,*,助動詞-ナイ,意志推量形,ナキャイケナイ,なきゃいけない,なきゃいけなかろふ
かもしれんかろう,912,613,6292,助動詞,*,*,*,助動詞-ナイ,意志推量形,カモシレナイ,かもしれない,かもしれんかろう
なければならんかろう,611,613,6292,助動詞,*,*,*,助動詞-ナイ,意志推量形,ナケレバナラナイ,なければならない,なければならんかろう
なきゃならんかろう,611,613,6292,助動詞,*,*,*,助動詞-ナイ,意志推量形,ナキャナラナイ,なきゃならない,なきゃならんかろう
なければいけんかろう,611,613,6292,助動詞,*,*,*,助動詞-ナイ,意志推量形,ナケレバイケナイ,なければいけない,なければいけんかろう
なきゃいけんかろう,611,613,6292,助動詞,*,*,*,助動詞-ナイ,意志推量形,ナキャイケナイ,なきゃいけない,なきゃいけんかろう
かもしれなから,912,614,6298,助動詞,*,*,*,助動詞-ナイ,未然形-一般,カモシレナイ,かもしれない,かもしれなから
なければならなから,612,614,6298,助動詞,*,*,*,助動詞-ナイ,未然形-一般,ナケレバナラナイ,なければならない,なければならなから
なきゃならなから,612,614,6298,助動詞,*,*,*,助動詞-ナイ,未然形-一般,ナキャナラナイ,なきゃならない,なきゃならなから
なければいけなから,612,614,6298,助動詞,*,*,*,助動詞-ナイ,未然形-一般,ナケレバイケナイ,なければいけない,なければいけなから
なきゃいけなから,612,614,6298,助動詞,*,*,*,助動詞-ナイ,未然形-一般,ナキャイケナイ,なきゃいけない,なきゃいけなから
かもしれな〜い,912,615,6465,助動詞,*,*,*,助動詞-ナイ,終止形-一般,カモシレナイ,かもしれない,かもしれな〜い
なければならな〜い,613,615,6465,助動詞,*,*,*,助動詞-ナイ,終止形-一般,ナケレバナラナイ,なければならない,なければならな〜い
なきゃならな〜い,613,615,6465,助動詞,*,*,*,助動詞-ナイ,終止形-一般,ナキャナラナイ,なきゃならない,なきゃならな〜い
なければいけな〜い,613,615,6465,助動詞,*,*,*,助動詞-ナイ,終止形-一般,ナケレバイケナイ,なければいけない,なければいけな〜い
なきゃいけな〜い,613,615,6465,助動詞,*,*,*,助動詞-ナイ,終止形-一般,ナキャイケナイ,なきゃいけない,なきゃいけな〜い
かもしれなぁい,912,616,6462,助動詞,*,*,*,助動詞-ナイ,終止形-一般,カモシレナイ,かもしれない,かもしれなぁい
なければならなぁい,614,616,6462,助動詞,*,*,*,助動詞-ナイ,終止形-一般,ナケレバナラナイ,なければならない,なければならなぁい
なきゃならなぁい,614,616,6462,助動詞,*,*,*,助動詞-ナイ,終止形-一般,ナキャナラナイ,なきゃならない,なきゃならなぁい
なければいけなぁい,614,616,6462,助動詞,*,*,*,助動詞-ナイ,終止形-一般,ナケレバイケナイ,なければいけない,なければいけなぁい
なきゃいけなぁい,614,616,6462,助動詞,*,*,*,助動詞-ナイ,終止形-一般,ナキャイケナイ,なきゃいけない,なきゃいけなぁい
かもしれなあ〜い,912,617,6462,助動詞,*,*,*,助動詞-ナイ,終止形-一般,カモシレナイ,かもしれない,かもしれなあ〜い
なければならなあ〜い,615,617,6462,助動詞,*,*,*,助動詞-ナイ,終止形-一般,ナケレバナラナイ,なければならない,なければならなあ〜い
なきゃならなあ〜い,615,617,6462,助動詞,*,*,*,助動詞-ナイ,終止形-一般,ナキャナラナイ,なきゃならない,なきゃならなあ〜い
なければいけなあ〜い,615,617,6462,助動詞,*,*,*,助動詞-ナイ,終止形-一般,ナケレバイケナイ,なければいけない,なければいけなあ〜い
なきゃいけなあ〜い,615,617,6462,助動詞,*,*,*,助動詞-ナイ,終止形-一般,ナキャイケナイ,なきゃいけない,なきゃいけなあ〜い
かもしれない,912,618,4710,助動詞,*,*,*,助動詞-ナイ,終止形-一般,カモシレナイ,かもしれない,かもしれない
なければならない,616,618,4710,助動詞,*,*,*,助動詞-ナイ,終止形-一般,ナケレバナラナイ,なければならない,なければならない
なきゃならない,616,618,4710,助動詞,*,*,*,助動詞-ナイ,終止形-一般,ナキャナラナイ,なきゃならない,なきゃならない
なければいけない,616,618,4710,助動詞,*,*,*,助動詞-ナイ,終止形-一般,ナケレバイケナイ,なければいけない,なければいけない
なきゃいけない,616,618,4710,助動詞,*,*,*,助動詞-ナイ,終止形-一般,ナキャイケナイ,なきゃいけない,なきゃいけない
かもしれないー,912,619,5719,助動詞,*,*,*,助動詞-ナイ,終止形-一般,カモシレナイ,かもしれない,かもしれないー
なければならないー,617,619,5719,助動詞,*,*,*,助動詞-ナイ,終止形-一般,ナケレバナラナイ,なければならない,なければならないー
なきゃならないー,617,619,5719,助動詞,*,*,*,助動詞-ナイ,終止形-一般,ナキャナラナイ,なきゃならない,なきゃならないー
なければいけないー,617,619,5719,助動詞,*,*,*,助動詞-ナイ,終止形-一般,ナケレバイケナイ,なければいけない,なければいけないー
なきゃいけないー,617,619,5719,助動詞,*,*,*,助動詞-ナイ,終止形-一般,ナキャイケナイ,なきゃいけない,なきゃいけないー
かもしれなし,912,620,8237,助動詞,*,*,*,助動詞-ナイ,終止形-一般,カモシレナイ,かもしれない,かもしれなし
なければならなし,618,620,8237,助動詞,*,*,*,助動詞-ナイ,終止形-一般,ナケレバナラナイ,なければならない,なければならなし
なきゃならなし,618,620,8237,助動詞,*,*,*,助動詞-ナイ,終止形-一般,ナキャナラナイ,なきゃならない,なきゃならなし
なければいけなし,618,620,8237,助動詞,*,*,*,助動詞-ナイ,終止形-一般,ナケレバイケナイ,なければいけない,なければいけなし
なきゃいけなし,618,620,8237,助動詞,*,*,*,助動詞-ナイ,終止形-一般,ナキャイケナイ,なきゃいけない,なきゃいけなし
かもしれなーい,912,621,6459,助動詞,*,*,*,助動詞-ナイ,終止形-一般,カモシレナイ,かもしれない,かもしれなーい
なければならなーい,619,621,6459,助動詞,*,*,*,助動詞-ナイ,終止形-一般,ナケレバナラナイ,なければならない,なければならなーい
なきゃならなーい,619,621,6459,助動詞,*,*,*,助動詞-ナイ,終止形-一般,ナキャナラナイ,なきゃならない,なきゃならなーい
なければいけなーい,619,621,6459,助動詞,*,*,*,助動詞-ナイ,終止形-一般,ナケレバイケナイ,なければいけない,なければいけなーい
なきゃいけなーい,619,621,6459,助動詞,*,*,*,助動詞-ナイ,終止形-一般,ナキャイケナイ,なきゃいけない,なきゃいけなーい
かもしれなーーーーい,912,622,6462,助動詞,*,*,*,助動詞-ナイ,終止形-一般,カモシレナイ,かもしれない,かもしれなーーーーい
なければならなーーーーい,620,622,6462,助動詞,*,*,*,助動詞-ナイ,終止形-一般,ナケレバナラナイ,なければならない,なければならなーーーーい
なきゃならなーーーーい,620,622,6462,助動詞,*,*,*,助動詞-ナイ,終止形-一般,ナキャナラナイ,なきゃならない,なきゃならなーーーーい
なければいけなーーーーい,620,622,6462,助動詞,*,*,*,助動詞-ナイ,終止形-一般,ナケレバイケナイ,なければいけない,なければいけなーーーーい
なきゃいけなーーーーい,620,622,6462,助動詞,*,*,*,助動詞-ナイ,終止形-一般,ナキャイケナイ,なきゃいけない,なきゃいけなーーーーい
かもしれね,912,623,7591,助動詞,*,*,*,助動詞-ナイ,終止形-一般,カモシレナイ,かもしれない,かもしれね
なければならね,621,623,7591,助動詞,*,*,*,助動詞-ナイ,終止形-一般,ナケレバナラナイ,なければならない,なければならね
なきゃならね,621,623,7591,助動詞,*,*,*,助動詞-ナイ,終止形-一般,ナキャナラナイ,なきゃならない,なきゃならね
なければいけね,621,623,7591,助動詞,*,*,*,助動詞-ナイ,終止形-一般,ナケレバイケナイ,なければいけない,なければいけね
なきゃいけね,621,623,7591,助動詞,*,*,*,助動詞-ナイ,終止形-一般,ナキャイケナイ,なきゃいけない,なきゃいけね
かもしれね〜,912,624,6414,助動詞,*,*,*,助動詞-ナイ,終止形-一般,カモシレナイ,かもしれない,かもしれね〜
なければならね〜,622,624,6414,助動詞,*,*,*,助動詞-ナイ,終止形-一般,ナケレバナラナイ,なければならない,なければならね〜
なきゃならね〜,622,624,6414,助動詞,*,*,*,助動詞-ナイ,終止形-一般,ナキャナラナイ,なきゃならない,なきゃならね〜
なければいけね〜,622,624,6414,助動詞,*,*,*,助動詞-ナイ,終止形-一般,ナケレバイケナイ,なければいけない,なければいけね〜
なきゃいけね〜,622,624,6414,助動詞,*,*,*,助動詞-ナイ,終止形-一般,ナキャイケナイ,なきゃいけない,なきゃいけね〜
かもしれねぇ,912,625,5550,助動詞,*,*,*,助動詞-ナイ,終止形-一般,カモシレナイ,かもしれない,かもしれねぇ
なければならねぇ,623,625,5550,助動詞,*,*,*,助動詞-ナイ,終止形-一般,ナケレバナラナイ,なければならない,なければならねぇ
なきゃならねぇ,623,625,5550,助動詞,*,*,*,助動詞-ナイ,終止形-一般,ナキャナラナイ,なきゃならない,なきゃならねぇ
なければいけねぇ,623,625,5550,助動詞,*,*,*,助動詞-ナイ,終止形-一般,ナケレバイケナイ,なければいけない,なければいけねぇ
なきゃいけねぇ,623,625,5550,助動詞,*,*,*,助動詞-ナイ,終止形-一般,ナキャイケナイ,なきゃいけない,なきゃいけねぇ
かもしれねえ,912,626,5927,助動詞,*,*,*,助動詞-ナイ,終止形-一般,カモシレナイ,かもしれない,かもしれねえ
なければならねえ,624,626,5927,助動詞,*,*,*,助動詞-ナイ,終止形-一般,ナケレバナラナイ,なければならない,なければならねえ
なきゃならねえ,624,626,5927,助動詞,*,*,*,助動詞-ナイ,終止形-一般,ナキャナラナイ,なきゃならない,なきゃならねえ
なければいけねえ,624,626,5927,助動詞,*,*,*,助動詞-ナイ,終止形-一般,ナケレバイケナイ,なければいけない,なければいけねえ
なきゃいけねえ,624,626,5927,助動詞,*,*,*,助動詞-ナイ,終止形-一般,ナキャイケナイ,なきゃいけない,なきゃいけねえ
かもしれねへ,912,627,6292,助動詞,*,*,*,助動詞-ナイ,終止形-一般,カモシレナイ,かもしれない,かもしれねへ
なければならねへ,625,627,6292,助動詞,*,*,*,助動詞-ナイ,終止形-一般,ナケレバナラナイ,なければならない,なければならねへ
なきゃならねへ,625,627,6292,助動詞,*,*,*,助動詞-ナイ,終止形-一般,ナキャナラナイ,なきゃならない,なきゃならねへ
なければいけねへ,625,627,6292,助動詞,*,*,*,助動詞-ナイ,終止形-一般,ナケレバイケナイ,なければいけない,なければいけねへ
なきゃいけねへ,625,627,6292,助動詞,*,*,*,助動詞-ナイ,終止形-一般,ナキャイケナイ,なきゃいけない,なきゃいけねへ
かもしれねェ,912,628,6291,助動詞,*,*,*,助動詞-ナイ,終止形-一般,カモシレナイ,かもしれない,かもしれねェ
なければならねェ,626,628,6291,助動詞,*,*,*,助動詞-ナイ,終止形-一般,ナケレバナラナイ,なければならない,なければならねェ
なきゃならねェ,626,628,6291,助動詞,*,*,*,助動詞-ナイ,終止形-一般,ナキャナラナイ,なきゃならない,なきゃならねェ
なければいけねェ,626,628,6291,助動詞,*,*,*,助動詞-ナイ,終止形-一般,ナケレバイケナイ,なければいけない,なければいけねェ
なきゃいけねェ,626,628,6291,助動詞,*,*,*,助動詞-ナイ,終止形-一般,ナキャイケナイ,なきゃいけない,なきゃいけねェ
かもしれねー,912,629,6265,助動詞,*,*,*,助動詞-ナイ,終止形-一般,カモシレナイ,かもしれない,かもしれねー
なければならねー,627,629,6265,助動詞,*,*,*,助動詞-ナイ,終止形-一般,ナケレバナラナイ,なければならない,なければならねー
なきゃならねー,627,629,6265,助動詞,*,*,*,助動詞-ナイ,終止形-一般,ナキャナラナイ,なきゃならない,なきゃならねー
なければいけねー,627,629,6265,助動詞,*,*,*,助動詞-ナイ,終止形-一般,ナケレバイケナイ,なければいけない,なければいけねー
なきゃいけねー,627,629,6265,助動詞,*,*,*,助動詞-ナイ,終止形-一般,ナキャイケナイ,なきゃいけない,なきゃいけねー
かもしれな,912,631,7529,助動詞,*,*,*,助動詞-ナイ,語幹-一般,カモシレナイ,かもしれない,かもしれな
なければならな,629,631,7529,助動詞,*,*,*,助動詞-ナイ,語幹-一般,ナケレバナラナイ,なければならない,なければならな
なきゃならな,629,631,7529,助動詞,*,*,*,助動詞-ナイ,語幹-一般,ナキャナラナイ,なきゃならない,なきゃならな
なければいけな,629,631,7529,助動詞,*,*,*,助動詞-ナイ,語幹-一般,ナケレバイケナイ,なければいけない,なければいけな
なきゃいけな,629,631,7529,助動詞,*,*,*,助動詞-ナイ,語幹-一般,ナキャイケナイ,なきゃいけない,なきゃいけな
かもしれな」い,912,632,5456,助動詞,*,*,*,助動詞-ナイ,連体形-一般,カモシレナイ,かもしれない,かもしれな」い
なければならな」い,630,632,5456,助動詞,*,*,*,助動詞-ナイ,連体形-一般,ナケレバナラナイ,なければならない,なければならな」い
なきゃならな」い,630,632,5456,助動詞,*,*,*,助動詞-ナイ,連体形-一般,ナキャナラナイ,なきゃならない,なきゃならな」い
なければいけな」い,630,632,5456,助動詞,*,*,*,助動詞-ナイ,連体形-一般,ナケレバイケナイ,なければいけない,なければいけな」い
なきゃいけな」い,630,632,5456,助動詞,*,*,*,助動詞-ナイ,連体形-一般,ナキャイケナイ,なきゃいけない,なきゃいけな」い
かもしれない,912,633,4570,助動詞,*,*,*,助動詞-ナイ,連体形-一般,カモシレナイ,かもしれない,かもしれない
なければならない,631,633,4570,助動詞,*,*,*,助動詞-ナイ,連体形-一般,ナケレバナラナイ,なければならない,なければならない
なきゃならない,631,633,4570,助動詞,*,*,*,助動詞-ナイ,連体形-一般,ナキャナラナイ,なきゃならない,なきゃならない
なければいけない,631,633,4570,助動詞,*,*,*,助動詞-ナイ,連体形-一般,ナケレバイケナイ,なければいけない,なければいけない
なきゃいけない,631,633,4570,助動詞,*,*,*,助動詞-ナイ,連体形-一般,ナキャイケナイ,なきゃいけない,なきゃいけない
かもしれね〜,912,634,6170,助動詞,*,*,*,助動詞-ナイ,連体形-一般,カモシレナイ,かもしれない,かもしれね〜
なければならね〜,632,634,6170,助動詞,*,*,*,助動詞-ナイ,連体形-一般,ナケレバナラナイ,なければならない,なければならね〜
なきゃならね〜,632,634,6170,助動詞,*,*,*,助動詞-ナイ,連体形-一般,ナキャナラナイ,なきゃならない,なきゃならね〜
なければいけね〜,632,634,6170,助動詞,*,*,*,助動詞-ナイ,連体形-一般,ナケレバイケナイ,なければいけない,なければいけね〜
なきゃいけね〜,632,634,6170,助動詞,*,*,*,助動詞-ナイ,連体形-一般,ナキャイケナイ,なきゃいけない,なきゃいけね〜
かもしれねぇ,912,635,4668,助動詞,*,*,*,助動詞-ナイ,連体形-一般,カモシレナイ,かもしれない,かもしれねぇ
なければならねぇ,633,635,4668,助動詞,*,*,*,助動詞-ナイ,連体形-一般,ナケレバナラナイ,なければならない,なければならねぇ
なきゃならねぇ,633,635,4668,助動詞,*,*,*,助動詞-ナイ,連体形-一般,ナキャナラナイ,なきゃならない,なきゃならねぇ
なければいけねぇ,633,635,4668,助動詞,*,*,*,助動詞-ナイ,連体形-一般,ナケレバイケナイ,なければいけない,なければいけねぇ
なきゃいけねぇ,633,635,4668,助動詞,*,*,*,助動詞-ナイ,連体形-一般,ナキャイケナイ,なきゃいけない,なきゃいけねぇ
かもしれねぇー,912,636,7271,助動詞,*,*,*,助動詞-ナイ,連体形-一般,カモシレナイ,かもしれない,かもしれねぇー
なければならねぇー,634,636,7271,助動詞,*,*,*,助動詞-ナイ,連体形-一般,ナケレバナラナイ,なければならない,なければならねぇー
なきゃならねぇー,634,636,7271,助動詞,*,*,*,助動詞-ナイ,連体形-一般,ナキャナラナイ,なきゃならない,なきゃならねぇー
なければいけねぇー,634,636,7271,助動詞,*,*,*,助動詞-ナイ,連体形-一般,ナケレバイケナイ,なければいけない,なければいけねぇー
なきゃいけねぇー,634,636,7271,助動詞,*,*,*,助動詞-ナイ,連体形-一般,ナキャイケナイ,なきゃいけない,なきゃいけねぇー
かもしれねえ,912,637,6046,助動詞,*,*,*,助動詞-ナイ,連体形-一般,カモシレナイ,かもしれない,かもしれねえ
なければならねえ,635,637,6046,助動詞,*,*,*,助動詞-ナイ,連体形-一般,ナケレバナラナイ,なければならない,なければならねえ
なきゃならねえ,635,637,6046,助動詞,*,*,*,助動詞-ナイ,連体形-一般,ナキャナラナイ,なきゃならない,なきゃならねえ
なければいけねえ,635,637,6046,助動詞,*,*,*,助動詞-ナイ,連体形-一般,ナケレバイケナイ,なければいけない,なければいけねえ
なきゃいけねえ,635,637,6046,助動詞,*,*,*,助動詞-ナイ,連体形-一般,ナキャイケナイ,なきゃいけない,なきゃいけねえ
かもしれねへ,912,638,6069,助動詞,*,*,*,助動詞-ナイ,連体形-一般,カモシレナイ,かもしれない,かもしれねへ
なければならねへ,636,638,6069,助動詞,*,*,*,助動詞-ナイ,連体形-一般,ナケレバナラナイ,なければならない,なければならねへ
なきゃならねへ,636,638,6069,助動詞,*,*,*,助動詞-ナイ,連体形-一般,ナキャナラナイ,なきゃならない,なきゃならねへ
なければいけねへ,636,638,6069,助動詞,*,*,*,助動詞-ナイ,連体形-一般,ナケレバイケナイ,なければいけない,なければいけねへ
なきゃいけねへ,636,638,6069,助動詞,*,*,*,助動詞-ナイ,連体形-一般,ナキャイケナイ,なきゃいけない,なきゃいけねへ
かもしれねェ,912,639,6069,助動詞,*,*,*,助動詞-ナイ,連体形-一般,カモシレナイ,かもしれない,かもしれねェ
なければならねェ,637,639,6069,助動詞,*,*,*,助動詞-ナイ,連体形-一般,ナケレバナラナイ,なければならない,なければならねェ
なきゃならねェ,637,639,6069,助動詞,*,*,*,助動詞-ナイ,連体形-一般,ナキャナラナイ,なきゃならない,なきゃならねェ
なければいけねェ,637,639,6069,助動詞,*,*,*,助動詞-ナイ,連体形-一般,ナケレバイケナイ,なければいけない,なければいけねェ
なきゃいけねェ,637,639,6069,助動詞,*,*,*,助動詞-ナイ,連体形-一般,ナキャイケナイ,なきゃいけない,なきゃいけねェ
かもしれねー,912,640,6049,助動詞,*,*,*,助動詞-ナイ,連体形-一般,カモシレナイ,かもしれない,かもしれねー
なければならねー,638,640,6049,助動詞,*,*,*,助動詞-ナイ,連体形-一般,ナケレバナラナイ,なければならない,なければならねー
なきゃならねー,638,640,6049,助動詞,*,*,*,助動詞-ナイ,連体形-一般,ナキャナラナイ,なきゃならない,なきゃならねー
なければいけねー,638,640,6049,助動詞,*,*,*,助動詞-ナイ,連体形-一般,ナケレバイケナイ,なければいけない,なければいけねー
なきゃいけねー,638,640,6049,助動詞,*,*,*,助動詞-ナイ,連体形-一般,ナキャイケナイ,なきゃいけない,なきゃいけねー
かもしれなく,912,642,6460,助動詞,*,*,*,助動詞-ナイ,連用形-一般,カモシレナイ,かもしれない,かもしれなく
なければならなく,640,642,6460,助動詞,*,*,*,助動詞-ナイ,連用形-一般,ナケレバナラナイ,なければならない,なければならなく
なきゃならなく,640,642,6460,助動詞,*,*,*,助動詞-ナイ,連用形-一般,ナキャナラナイ,なきゃならない,なきゃならなく
なければいけなく,640,642,6460,助動詞,*,*,*,助動詞-ナイ,連用形-一般,ナケレバイケナイ,なければいけない,なければいけなく
なきゃいけなく,640,642,6460,助動詞,*,*,*,助動詞-ナイ,連用形-一般,ナキャイケナイ,なきゃいけない,なきゃいけなく
かもしれなくっ,912,643,6001,助動詞,*,*,*,助動詞-ナイ,連用形-一般,カモシレナイ,かもしれない,かもしれなくっ
なければならなくっ,641,643,6001,助動詞,*,*,*,助動詞-ナイ,連用形-一般,ナケレバナラナイ,なければならない,なければならなくっ
なきゃならなくっ,641,643,6001,助動詞,*,*,*,助動詞-ナイ,連用形-一般,ナキャナラナイ,なきゃならない,なきゃならなくっ
なければいけなくっ,641,643,6001,助動詞,*,*,*,助動詞-ナイ,連用形-一般,ナケレバイケナイ,なければいけない,なければいけなくっ
なきゃいけなくっ,641,643,6001,助動詞,*,*,*,助動詞-ナイ,連用形-一般,ナキャイケナイ,なきゃいけない,なきゃいけなくっ
かもしれねく,912,644,6184,助動詞,*,*,*,助動詞-ナイ,連用形-一般,カモシレナイ,かもしれない,かもしれねく
なければならねく,642,644,6184,助動詞,*,*,*,助動詞-ナイ,連用形-一般,ナケレバナラナイ,なければならない,なければならねく
なきゃならねく,642,644,6184,助動詞,*,*,*,助動詞-ナイ,連用形-一般,ナキャナラナイ,なきゃならない,なきゃならねく
なければいけねく,642,644,6184,助動詞,*,*,*,助動詞-ナイ,連用形-一般,ナケレバイケナイ,なければいけない,なければいけねく
なきゃいけねく,642,644,6184,助動詞,*,*,*,助動詞-ナイ,連用形-一般,ナキャイケナイ,なきゃいけない,なきゃいけねく
かもしれなかっ,912,646,6015,助動詞,*,*,*,助動詞-ナイ,連用形-促音便,カモシレナイ,かもしれない,かもしれなかっ
なければならなかっ,644,646,6015,助動詞,*,*,*,助動詞-ナイ,連用形-促音便,ナケレバナラナイ,なければならない,なければならなかっ
なきゃならなかっ,644,646,6015,助動詞,*,*,*,助動詞-ナイ,連用形-促音便,ナキャナラナイ,なきゃならない,なきゃならなかっ
なければいけなかっ,644,646,6015,助動詞,*,*,*,助動詞-ナイ,連用形-促音便,ナケレバイケナイ,なければいけない,なければいけなかっ
なきゃいけなかっ,644,646,6015,助動詞,*,*,*,助動詞-ナイ,連用形-促音便,ナキャイケナイ,なきゃいけない,なきゃいけなかっ
かもしれんかっ,912,647,6228,助動詞,*,*,*,助動詞-ナイ,連用形-促音便,カモシレナイ,かもしれない,かもしれんかっ
なければならんかっ,645,647,6228,助動詞,*,*,*,助動詞-ナイ,連用形-促音便,ナケレバナラナイ,なければならない,なければならんかっ
なきゃならんかっ,645,647,6228,助動詞,*,*,*,助動詞-ナイ,連用形-促音便,ナキャナラナイ,なきゃならない,なきゃならんかっ
なければいけんかっ,645,647,6228,助動詞,*,*,*,助動詞-ナイ,連用形-促音便,ナケレバイケナイ,なければいけない,なければいけんかっ
なきゃいけんかっ,645,647,6228,助動詞,*,*,*,助動詞-ナイ,連用形-促音便,ナキャイケナイ,なきゃいけない,なきゃいけんかっ
